id,item_group_id,title,description,availability,condition,price,sale_price,size,link,image_link,additional_image_link,brand,google_product_category,product_type,additional_variant_attribute,custom_label_0,quantity_to_sell_on_facebook
1870-18-110,,12 Bridgestone e6 Yellow AAAAA/Mint Grade,Best Value E6's In Australia. Buy Now and save $$$ with Lost Golf Balls!,in stock,used_like_new,34.99 AUD,,12 Balls,https://www.lostgolfballs.com.au/bridgestone-e6-yellow.html,https://www.lostgolfballs.com.au/media/catalog/product/b/r/bridgestone_e6_yellow_golf_balls_3.png,,Bridgestone,Sporting Goods > Outdoor Recreation > Golf > Golf Balls,Golf Balls > Bridgestone,,AAAAA/Mint Grade,
1886-31-189,1886,12 Bridgestone e6 AAAA/Near Mint Grade,Best Value E6's In Australia. Buy Now and save $$$ with Lost Golf Balls!,in stock,used_like_new,23.99 AUD,,12 Balls,https://www.lostgolfballs.com.au/bridgestone-e6.html,https://www.lostgolfballs.com.au/media/catalog/product/b/r/bridgestone_e6_golf_balls_3.png,,Bridgestone,Sporting Goods > Outdoor Recreation > Golf > Golf Balls,Golf Balls > Bridgestone,Grade:AAAA/Near Mint Grade,AAAA/Near Mint Grade,
1886-31-190,1886,12 Bridgestone e6 AAA/Standard Grade,Best Value E6's In Australia. Buy Now and save $$$ with Lost Golf Balls!,in stock,used_good,19.99 AUD,,12 Balls,https://www.lostgolfballs.com.au/bridgestone-e6.html,https://www.lostgolfballs.com.au/media/catalog/product/b/r/bridgestone_e6_golf_balls_3.png,,Bridgestone,Sporting Goods > Outdoor Recreation > Golf > Golf Balls,Golf Balls > Bridgestone,Grade:AAA/Standard Grade,AAA/Standard Grade,
1886-31-2272,1886,50 Bridgestone e6 AAAAA/Mint Grade,Best Value E6's In Australia. Buy Now and save $$$ with Lost Golf Balls!,in stock,used_like_new,104.99 AUD,,50 Balls,https://www.lostgolfballs.com.au/bridgestone-e6.html,https://www.lostgolfballs.com.au/media/catalog/product/b/r/bridgestone_e6_golf_balls_3.png,,Bridgestone,Sporting Goods > Outdoor Recreation > Golf > Golf Balls,Golf Balls > Bridgestone,Grade:AAAAA/Mint Grade,AAAAA/Mint Grade,
1886-31-2273,1886,50 Bridgestone e6 AAAA/Near Mint Grade,Best Value E6's In Australia. Buy Now and save $$$ with Lost Golf Balls!,in stock,used_like_new,84.99 AUD,,50 Balls,https://www.lostgolfballs.com.au/bridgestone-e6.html,https://www.lostgolfballs.com.au/media/catalog/product/b/r/bridgestone_e6_golf_balls_3.png,,Bridgestone,Sporting Goods > Outdoor Recreation > Golf > Golf Balls,Golf Balls > Bridgestone,Grade:AAAA/Near Mint Grade,AAAA/Near Mint Grade,
1886-31-2271,1886,50 Bridgestone e6 AAA/Standard Grade,Best Value E6's In Australia. Buy Now and save $$$ with Lost Golf Balls!,in stock,used_good,74.99 AUD,,50 Balls,https://www.lostgolfballs.com.au/bridgestone-e6.html,https://www.lostgolfballs.com.au/media/catalog/product/b/r/bridgestone_e6_golf_balls_3.png,,Bridgestone,Sporting Goods > Outdoor Recreation > Golf > Golf Balls,Golf Balls > Bridgestone,Grade:AAA/Standard Grade,AAA/Standard Grade,
1886-31-2274,1886,100 Bridgestone e6 AAA/Standard Grade,Best Value E6's In Australia. Buy Now and save $$$ with Lost Golf Balls!,in stock,used_good,119.99 AUD,,100 Balls,https://www.lostgolfballs.com.au/bridgestone-e6.html,https://www.lostgolfballs.com.au/media/catalog/product/b/r/bridgestone_e6_golf_balls_3.png,,Bridgestone,Sporting Goods > Outdoor Recreation > Golf > Golf Balls,Golf Balls > Bridgestone,Grade:AAA/Standard Grade,AAA/Standard Grade,
1887-32-195,1887,50 Bridgestone e6 AAAAA/Mint Grade,"Huge Savings On 50 Bridgestone E6 Golf Balls. Cheap Golf Balls, VERY High Quality From Lost Golf Balls.",in stock,used_like_new,104.99 AUD,,50 Balls,https://www.lostgolfballs.com.au/bridgestone-e6-50-b.html,https://www.lostgolfballs.com.au/media/catalog/product/b/r/bridgestone_e6_golf_balls_3_1.png,,Bridgestone,Sporting Goods > Outdoor Recreation > Golf > Golf Balls,Golf Balls > Bridgestone,Grade:AAAAA/Mint Grade,AAAAA/Mint Grade,
1887-32-196,1887,50 Bridgestone e6 AAAA/Near Mint Grade,"Huge Savings On 50 Bridgestone E6 Golf Balls. Cheap Golf Balls, VERY High Quality From Lost Golf Balls.",in stock,used_like_new,84.99 AUD,,50 Balls,https://www.lostgolfballs.com.au/bridgestone-e6-50-b.html,https://www.lostgolfballs.com.au/media/catalog/product/b/r/bridgestone_e6_golf_balls_3_1.png,,Bridgestone,Sporting Goods > Outdoor Recreation > Golf > Golf Balls,Golf Balls > Bridgestone,Grade:AAAA/Near Mint Grade,AAAA/Near Mint Grade,
1887-32-1993,1887,50 Bridgestone e6 AAA/Standard Grade,"Huge Savings On 50 Bridgestone E6 Golf Balls. Cheap Golf Balls, VERY High Quality From Lost Golf Balls.",in stock,used_good,74.99 AUD,,50 Balls,https://www.lostgolfballs.com.au/bridgestone-e6-50-b.html,https://www.lostgolfballs.com.au/media/catalog/product/b/r/bridgestone_e6_golf_balls_3_1.png,,Bridgestone,Sporting Goods > Outdoor Recreation > Golf > Golf Balls,Golf Balls > Bridgestone,Grade:AAA/Standard Grade,AAA/Standard Grade,
1888-33-200,,100 Bridgestone e6 AAA/Standard Grade,"Save Money On 100 Bridgestone E6's In Australia. Fast Shipping, Buy Now and save $$$ with Lost Golf Balls!",in stock,used_good,119.99 AUD,,100 Balls,https://www.lostgolfballs.com.au/bridgestone-e6-100-b.html,https://www.lostgolfballs.com.au/media/catalog/product/b/r/bridgestone_e6_golf_balls_3_1_1.png,,Bridgestone,Sporting Goods > Outdoor Recreation > Golf > Golf Balls,Golf Balls > Bridgestone,,AAA/Standard Grade,
1901-42-254,,12 Refinished Titleist Pro V1x AAA/Standard Grade,The Titleist Pro V1x is one of the softest and longest golf balls used in game today. They possess a large solid core with a urethane elastothane cover which allows the ball to generate high levels of spin around the greens. The balls represent one of the best value ways to purchase tour balls and play like the Pro's! If you are looking for long drives with lower trajectory whilst maintaining that soft green side feel than these balls are a must to try. Basic information of the Pro V1x - Durable Urethane Elastomer cover - Dimple design for increased ball flight - Alignment Integrated Marking - Polybutadiene core -->,in stock,used_good,25.99 AUD,,12 Balls,https://www.lostgolfballs.com.au/refinished-titleist-pro-v1x-b.html,https://www.lostgolfballs.com.au/media/catalog/product/t/i/titleist_pro_v1x_4.jpg,,Titleist,Sporting Goods > Outdoor Recreation > Golf > Golf Balls,Golf Balls > Titleist,,AAA/Standard Grade,
1912-48-291,,12 Taylormade Tour Preferred X AAAA/Near Mint Grade,Best value Taylormade Tour Preferred X Golf Balls! Save up to $30 per dozen at Lost Golf Balls,in stock,used_like_new,29.99 AUD,,12 Balls,https://www.lostgolfballs.com.au/taylormade-tour-preferred-x.html,https://www.lostgolfballs.com.au/media/catalog/product/t/a/taylormade_tour_preferred_x_golf_balls_2.jpg,,TaylorMade,Sporting Goods > Outdoor Recreation > Golf > Golf Balls,Golf Balls > TaylorMade,,AAAA/Near Mint Grade,
1953-67-4971,1953,12 Titleist Pro V1x AAAAA/Mint Grade,"The Titleist Pro V1x moved the game up a notch. With 328 dimples, this three piece ball gives less spin off the driver, wood and long iron yet allows a huge amount of control around the greens. The V1x is the perfect compliment to the V1 range is one of the most popular balls for tour professionals and low handicaper golfers who are looking for a little extra length. The V1x is ideal for those with a swing speed in excess of 165 kph and who hit the ball with a minimum amount of slice or fade. Each of our recycled Pro V1x's have been hand graded twice to guarantee their quality. Basic information of the Pro V1x - High velocity dual core with soft centre - Ionomeric casing layer - Durable urethane cover - Aerodynamic 328 dimple design - Alignment marking - Polybutadiene core Titleist became the name that was synonymous with the golf ball. The strength of the brand name made it immediately recognisable even if the high handicap golfer was looking for the cheapest ball available as he or she learnt the game. Titleist produces something for everyone and although the Pro V1x is very much a specialist ball, it is worth considering if you are keen to try your hand with a tour grade product. If you are a higher handicap golfer looking to use a slightly more affordable option, you may consider the Titleist NXT or Titleist DT SoLo as both are proven performers a can help aid golfers with a slightly more inconsistent swing.",in stock,used_like_new,42.99 AUD,,12 Balls,https://www.lostgolfballs.com.au/titleist-pro-v1x-b.html,https://www.lostgolfballs.com.au/media/catalog/product/t/i/titleist_pro_v1x_4_2.jpg,,Titleist,Sporting Goods > Outdoor Recreation > Golf > Golf Balls,Golf Balls > Titleist,Grade:AAAAA/Mint Grade,AAAAA/Mint Grade,
1953-67-406,1953,12 Titleist Pro V1x AAAA/Near Mint Grade,"The Titleist Pro V1x moved the game up a notch. With 328 dimples, this three piece ball gives less spin off the driver, wood and long iron yet allows a huge amount of control around the greens. The V1x is the perfect compliment to the V1 range is one of the most popular balls for tour professionals and low handicaper golfers who are looking for a little extra length. The V1x is ideal for those with a swing speed in excess of 165 kph and who hit the ball with a minimum amount of slice or fade. Each of our recycled Pro V1x's have been hand graded twice to guarantee their quality. Basic information of the Pro V1x - High velocity dual core with soft centre - Ionomeric casing layer - Durable urethane cover - Aerodynamic 328 dimple design - Alignment marking - Polybutadiene core Titleist became the name that was synonymous with the golf ball. The strength of the brand name made it immediately recognisable even if the high handicap golfer was looking for the cheapest ball available as he or she learnt the game. Titleist produces something for everyone and although the Pro V1x is very much a specialist ball, it is worth considering if you are keen to try your hand with a tour grade product. If you are a higher handicap golfer looking to use a slightly more affordable option, you may consider the Titleist NXT or Titleist DT SoLo as both are proven performers a can help aid golfers with a slightly more inconsistent swing.",in stock,used_like_new,35.99 AUD,,12 Balls,https://www.lostgolfballs.com.au/titleist-pro-v1x-b.html,https://www.lostgolfballs.com.au/media/catalog/product/t/i/titleist_pro_v1x_4_2.jpg,,Titleist,Sporting Goods > Outdoor Recreation > Golf > Golf Balls,Golf Balls > Titleist,Grade:AAAA/Near Mint Grade,AAAA/Near Mint Grade,
1953-67-407,1953,12 Titleist Pro V1X AAA/Standard Grade,"The Titleist Pro V1x moved the game up a notch. With 328 dimples, this three piece ball gives less spin off the driver, wood and long iron yet allows a huge amount of control around the greens. The V1x is the perfect compliment to the V1 range is one of the most popular balls for tour professionals and low handicaper golfers who are looking for a little extra length. The V1x is ideal for those with a swing speed in excess of 165 kph and who hit the ball with a minimum amount of slice or fade. Each of our recycled Pro V1x's have been hand graded twice to guarantee their quality. Basic information of the Pro V1x - High velocity dual core with soft centre - Ionomeric casing layer - Durable urethane cover - Aerodynamic 328 dimple design - Alignment marking - Polybutadiene core Titleist became the name that was synonymous with the golf ball. The strength of the brand name made it immediately recognisable even if the high handicap golfer was looking for the cheapest ball available as he or she learnt the game. Titleist produces something for everyone and although the Pro V1x is very much a specialist ball, it is worth considering if you are keen to try your hand with a tour grade product. If you are a higher handicap golfer looking to use a slightly more affordable option, you may consider the Titleist NXT or Titleist DT SoLo as both are proven performers a can help aid golfers with a slightly more inconsistent swing.",in stock,used_good,26.99 AUD,,12 Balls,https://www.lostgolfballs.com.au/titleist-pro-v1x-b.html,https://www.lostgolfballs.com.au/media/catalog/product/t/i/titleist_pro_v1x_4_2.jpg,,Titleist,Sporting Goods > Outdoor Recreation > Golf > Golf Balls,Golf Balls > Titleist,Grade:AAA/Standard Grade,AAA/Standard Grade,
1953-67-2564,1953,12 Titleist Pro V1x AA/C Grade,"The Titleist Pro V1x moved the game up a notch. With 328 dimples, this three piece ball gives less spin off the driver, wood and long iron yet allows a huge amount of control around the greens. The V1x is the perfect compliment to the V1 range is one of the most popular balls for tour professionals and low handicaper golfers who are looking for a little extra length. The V1x is ideal for those with a swing speed in excess of 165 kph and who hit the ball with a minimum amount of slice or fade. Each of our recycled Pro V1x's have been hand graded twice to guarantee their quality. Basic information of the Pro V1x - High velocity dual core with soft centre - Ionomeric casing layer - Durable urethane cover - Aerodynamic 328 dimple design - Alignment marking - Polybutadiene core Titleist became the name that was synonymous with the golf ball. The strength of the brand name made it immediately recognisable even if the high handicap golfer was looking for the cheapest ball available as he or she learnt the game. Titleist produces something for everyone and although the Pro V1x is very much a specialist ball, it is worth considering if you are keen to try your hand with a tour grade product. If you are a higher handicap golfer looking to use a slightly more affordable option, you may consider the Titleist NXT or Titleist DT SoLo as both are proven performers a can help aid golfers with a slightly more inconsistent swing.",in stock,used_fair,19.99 AUD,,12 Balls,https://www.lostgolfballs.com.au/titleist-pro-v1x-b.html,https://www.lostgolfballs.com.au/media/catalog/product/t/i/titleist_pro_v1x_4_2.jpg,,Titleist,Sporting Goods > Outdoor Recreation > Golf > Golf Balls,Golf Balls > Titleist,Grade:AA/C Grade,AA/C Grade,
1954-68-4913,1954,50 Titleist Pro V1x AAA/Standard Grade,"Titleist Pro V1x - #1 Ball On Worldwide Tours Titleist Pro V1x's are selling in pro shops all around Australia for up to $84.95 a dozen. Save big dollars by purchasing from Lost Golf Balls. The Titleist Pro V1x moved the game up a notch. With 328 dimples, this three piece ball gives less spin off the driver, wood and long iron yet allows a huge amount of control around the greens. The V1x is the perfect compliment to the V1 range is one of the most popular balls for tour professionals and low handicaper golfers who are looking for a little extra length. The V1x is ideal for those with a swing speed in excess of 165 kph and who hit the ball with a minimum amount of slice or fade. Each of our recycled Pro V1x's have been hand graded twice to guarantee their quality. Basic information of the Pro V1x - High velocity dual core with soft centre - Ionomeric casing layer - Durable urethane cover - Aerodynamic 328 dimple design - Alignment marking - Polybutadiene core Titleist became the name that was synonymous with the golf ball. The strength of the brand name made it immediately recognisable even if the high handicap golfer was looking for the cheapest ball available as he or she learnt the game. Titleist produces something for everyone and although the Pro V1x is very much a specialist ball, it is worth considering if you are keen to try your hand with a tour grade product. If you are a higher handicap golfer looking to use a slightly more affordable option, you may consider the Titleist NXT or Titleist DT SoLo as both are proven performers a can help aid golfers with a slightly more inconsistent swing.",in stock,used_good,94.99 AUD,,50 Balls,https://www.lostgolfballs.com.au/titleist-pro-v1x-50-b.html,https://www.lostgolfballs.com.au/media/catalog/product/t/i/titleist_pro_v1x_4_2_1.jpg,,Titleist,Sporting Goods > Outdoor Recreation > Golf > Golf Balls,Golf Balls > Titleist,Grade:AAA/Standard Grade,AAA/Standard Grade,
1954-68-5068,1954,50 Titleist Pro V1x AA/C Grade,"Titleist Pro V1x - #1 Ball On Worldwide Tours Titleist Pro V1x's are selling in pro shops all around Australia for up to $84.95 a dozen. Save big dollars by purchasing from Lost Golf Balls. The Titleist Pro V1x moved the game up a notch. With 328 dimples, this three piece ball gives less spin off the driver, wood and long iron yet allows a huge amount of control around the greens. The V1x is the perfect compliment to the V1 range is one of the most popular balls for tour professionals and low handicaper golfers who are looking for a little extra length. The V1x is ideal for those with a swing speed in excess of 165 kph and who hit the ball with a minimum amount of slice or fade. Each of our recycled Pro V1x's have been hand graded twice to guarantee their quality. Basic information of the Pro V1x - High velocity dual core with soft centre - Ionomeric casing layer - Durable urethane cover - Aerodynamic 328 dimple design - Alignment marking - Polybutadiene core Titleist became the name that was synonymous with the golf ball. The strength of the brand name made it immediately recognisable even if the high handicap golfer was looking for the cheapest ball available as he or she learnt the game. Titleist produces something for everyone and although the Pro V1x is very much a specialist ball, it is worth considering if you are keen to try your hand with a tour grade product. If you are a higher handicap golfer looking to use a slightly more affordable option, you may consider the Titleist NXT or Titleist DT SoLo as both are proven performers a can help aid golfers with a slightly more inconsistent swing.",in stock,used_fair,79.99 AUD,,50 Balls,https://www.lostgolfballs.com.au/titleist-pro-v1x-50-b.html,https://www.lostgolfballs.com.au/media/catalog/product/t/i/titleist_pro_v1x_4_2_1.jpg,,Titleist,Sporting Goods > Outdoor Recreation > Golf > Golf Balls,Golf Balls > Titleist,Grade:AA/C Grade,AA/C Grade,
1955-69-418,1955,100 Titleist Pro V1x AAAAA/Mint Grade,"The Titleist Pro V1x moved the game up a notch. With 328 dimples, this three piece ball gives less spin off the driver, wood and long iron yet allows a huge amount of control around the greens. The V1x is the perfect compliment to the V1 range is one of the most popular balls for tour professionals and low handicaper golfers who are looking for a little extra length. The V1x is ideal for those with a swing speed in excess of 165 kph and who hit the ball with a minimum amount of slice or fade. Each of our recycled Pro V1x's have been hand graded twice to guarantee their quality. Basic information of the Pro V1x - High velocity dual core with soft centre - Ionomeric casing layer - Durable urethane cover - Aerodynamic 328 dimple design - Alignment marking - Polybutadiene core Titleist became the name that was synonymous with the golf ball. The strength of the brand name made it immediately recognisable even if the high handicap golfer was looking for the cheapest ball available as he or she learnt the game. Titleist produces something for everyone and although the Pro V1x is very much a specialist ball, it is worth considering if you are keen to try your hand with a tour grade product. If you are a higher handicap golfer looking to use a slightly more affordable option, you may consider the Titleist NXT or Titleist DT SoLo as both are proven performers a can help aid golfers with a slightly more inconsistent swing.",in stock,used_like_new,359.99 AUD,,100 Balls,https://www.lostgolfballs.com.au/titleist-pro-v1x-100-b.html,https://www.lostgolfballs.com.au/media/catalog/product/t/i/titleist_pro_v1x_4_2_1_1.jpg,,Titleist,Sporting Goods > Outdoor Recreation > Golf > Golf Balls,Golf Balls > Titleist,Grade:AAAAA/Mint Grade,AAAAA/Mint Grade,
1955-69-2566,1955,100 Titleist Pro V1x AA/C Grade,"The Titleist Pro V1x moved the game up a notch. With 328 dimples, this three piece ball gives less spin off the driver, wood and long iron yet allows a huge amount of control around the greens. The V1x is the perfect compliment to the V1 range is one of the most popular balls for tour professionals and low handicaper golfers who are looking for a little extra length. The V1x is ideal for those with a swing speed in excess of 165 kph and who hit the ball with a minimum amount of slice or fade. Each of our recycled Pro V1x's have been hand graded twice to guarantee their quality. Basic information of the Pro V1x - High velocity dual core with soft centre - Ionomeric casing layer - Durable urethane cover - Aerodynamic 328 dimple design - Alignment marking - Polybutadiene core Titleist became the name that was synonymous with the golf ball. The strength of the brand name made it immediately recognisable even if the high handicap golfer was looking for the cheapest ball available as he or she learnt the game. Titleist produces something for everyone and although the Pro V1x is very much a specialist ball, it is worth considering if you are keen to try your hand with a tour grade product. If you are a higher handicap golfer looking to use a slightly more affordable option, you may consider the Titleist NXT or Titleist DT SoLo as both are proven performers a can help aid golfers with a slightly more inconsistent swing.",in stock,used_fair,129.99 AUD,,100 Balls,https://www.lostgolfballs.com.au/titleist-pro-v1x-100-b.html,https://www.lostgolfballs.com.au/media/catalog/product/t/i/titleist_pro_v1x_4_2_1_1.jpg,,Titleist,Sporting Goods > Outdoor Recreation > Golf > Golf Balls,Golf Balls > Titleist,Grade:AA/C Grade,AA/C Grade,
1956-70-4989,1956,12 Titleist Pro V1 AAAAA/Mint Grade,Titleist Pro V1's - The Most Popular Golf Ball On The PGA Tour Titleist Pro V1's are selling in pro shops all over the country for up to $84.95 per dozen. Save big by purchasing from Lost Golf Balls. The Titleist Pro V1 combines distance with durability and feel and is the most popular ball on the professional circuit. The Pro V1 is manufactured to provide spin and consistent flight. These balls are designed for golfers with a swing speed of 155 - 170 kph and each of these balls has been individually inspected by a member of our staff to ensure it's quality. The 3 piece Pro V1 revolutionised the game when it was introduced a decade ago and our Pro V1's represent the best value money can buy. Basic information of the Pro V1 - ZG core technology - Responsive Ionomeric casing layer - Durable Urethane Elastomer cover - Trihedral 352 dimple design - Alignment Integrated Marking - Polybutadiene core,in stock,used_like_new,48.99 AUD,,12 Balls,https://www.lostgolfballs.com.au/titleist-pro-v1-12.html,https://www.lostgolfballs.com.au/media/catalog/product/l/a/large_pro_v1_1_4_3.jpg,,Titleist,Sporting Goods > Outdoor Recreation > Golf > Golf Balls,Golf Balls > Titleist,Grade:AAAAA/Mint Grade,AAAAA/Mint Grade,
1956-70-4990,1956,12 Titleist Pro V1 AAAA/Near Mint Grade,Titleist Pro V1's - The Most Popular Golf Ball On The PGA Tour Titleist Pro V1's are selling in pro shops all over the country for up to $84.95 per dozen. Save big by purchasing from Lost Golf Balls. The Titleist Pro V1 combines distance with durability and feel and is the most popular ball on the professional circuit. The Pro V1 is manufactured to provide spin and consistent flight. These balls are designed for golfers with a swing speed of 155 - 170 kph and each of these balls has been individually inspected by a member of our staff to ensure it's quality. The 3 piece Pro V1 revolutionised the game when it was introduced a decade ago and our Pro V1's represent the best value money can buy. Basic information of the Pro V1 - ZG core technology - Responsive Ionomeric casing layer - Durable Urethane Elastomer cover - Trihedral 352 dimple design - Alignment Integrated Marking - Polybutadiene core,in stock,used_like_new,33.99 AUD,,12 Balls,https://www.lostgolfballs.com.au/titleist-pro-v1-12.html,https://www.lostgolfballs.com.au/media/catalog/product/l/a/large_pro_v1_1_4_3.jpg,,Titleist,Sporting Goods > Outdoor Recreation > Golf > Golf Balls,Golf Balls > Titleist,Grade:AAAA/Near Mint Grade,AAAA/Near Mint Grade,
1956-70-3253,1956,12 Titleist Pro V1 AAA/Standard Grade,Titleist Pro V1's - The Most Popular Golf Ball On The PGA Tour Titleist Pro V1's are selling in pro shops all over the country for up to $84.95 per dozen. Save big by purchasing from Lost Golf Balls. The Titleist Pro V1 combines distance with durability and feel and is the most popular ball on the professional circuit. The Pro V1 is manufactured to provide spin and consistent flight. These balls are designed for golfers with a swing speed of 155 - 170 kph and each of these balls has been individually inspected by a member of our staff to ensure it's quality. The 3 piece Pro V1 revolutionised the game when it was introduced a decade ago and our Pro V1's represent the best value money can buy. Basic information of the Pro V1 - ZG core technology - Responsive Ionomeric casing layer - Durable Urethane Elastomer cover - Trihedral 352 dimple design - Alignment Integrated Marking - Polybutadiene core,in stock,used_good,25.99 AUD,,12 Balls,https://www.lostgolfballs.com.au/titleist-pro-v1-12.html,https://www.lostgolfballs.com.au/media/catalog/product/l/a/large_pro_v1_1_4_3.jpg,,Titleist,Sporting Goods > Outdoor Recreation > Golf > Golf Balls,Golf Balls > Titleist,Grade:AAA/Standard Grade,AAA/Standard Grade,
1956-70-3472,1956,12 Titleist Pro V1 AA/C Grade,Titleist Pro V1's - The Most Popular Golf Ball On The PGA Tour Titleist Pro V1's are selling in pro shops all over the country for up to $84.95 per dozen. Save big by purchasing from Lost Golf Balls. The Titleist Pro V1 combines distance with durability and feel and is the most popular ball on the professional circuit. The Pro V1 is manufactured to provide spin and consistent flight. These balls are designed for golfers with a swing speed of 155 - 170 kph and each of these balls has been individually inspected by a member of our staff to ensure it's quality. The 3 piece Pro V1 revolutionised the game when it was introduced a decade ago and our Pro V1's represent the best value money can buy. Basic information of the Pro V1 - ZG core technology - Responsive Ionomeric casing layer - Durable Urethane Elastomer cover - Trihedral 352 dimple design - Alignment Integrated Marking - Polybutadiene core,in stock,used_fair,14.99 AUD,,12 Balls,https://www.lostgolfballs.com.au/titleist-pro-v1-12.html,https://www.lostgolfballs.com.au/media/catalog/product/l/a/large_pro_v1_1_4_3.jpg,,Titleist,Sporting Goods > Outdoor Recreation > Golf > Golf Balls,Golf Balls > Titleist,Grade:AA/C Grade,AA/C Grade,
1957-71-4566,,50 Titleist Pro V1 AAA/Standard Grade,Titleist Pro V1 - #1 Ball On Worldwide Tours Titleist Pro V1's are selling in pro shops all around Australia for up to $84.95 a dozen. Save big dollars by purchasing from Lost Golf Balls. The Titleist Pro V1 combines distance with durability and feel and is the most popular ball on the professional circuit. The Pro V1 is manufactured to provide spin and consistent flight. These balls are designed for golfers with a swing speed of 155 - 170 kph and each of these balls has been individually inspected by a member of our staff to ensure it's quality. The 3 piece Pro V1 revolutionised the game when it was introduced a decade ago and our Pro V1's represent the best value money can buy. Basic information of the Titleist Pro V1: - ZG core technology - Responsive Ionomeric casing layer - Durable Urethane Elastomer cover - Trihedral 352 dimple design - Alignment Integrated Marking - Polybutadiene core,in stock,used_good,89.99 AUD,,50 Balls,https://www.lostgolfballs.com.au/titleist-pro-v1-50-b.html,https://www.lostgolfballs.com.au/media/catalog/product/l/a/large_pro_v1_1_4_3_1.jpg,,Titleist,Sporting Goods > Outdoor Recreation > Golf > Golf Balls,Golf Balls > Titleist,,AAA/Standard Grade,
1958-72-435,,100 Titleist Pro V1 AAA/Standard Grade,The Titleist Pro V1 combines distance with durability and feel and is the most popular ball on the professional circuit. The Pro V1 is manufactured to provide spin and consistent flight. These balls are designed for golfers with a swing speed of 155 - 170 kph and each of these balls has been individually inspected by a member of our staff to ensure it's quality. The 3 piece Pro V1 revolutionised the game when it was introduced a decade ago and our Pro V1's represent the best value money can buy. Basic information of the Pro V1 - ZG core technology - Responsive Ionomeric casing layer - Durable Urethane Elastomer cover - Trihedral 352 dimple design - Alignment Integrated Marking - Polybutadiene core,in stock,used_good,219.99 AUD,,100 Balls,https://www.lostgolfballs.com.au/titleist-pro-v1-100-b.html,https://www.lostgolfballs.com.au/media/catalog/product/l/a/large_pro_v1_1_4_3_1_1.jpg,,Titleist,Sporting Goods > Outdoor Recreation > Golf > Golf Balls,Golf Balls > Titleist,,AAA/Standard Grade,
1963-76-4646,1963,12 Callaway Chrome Soft Truvis AAAAA/Mint Grade,Save Money On Callaway Chrome Soft Truvis Golf Balls. Best Value and Quality From Lost Golf Balls. Fast Shipping.,in stock,used_like_new,36.99 AUD,,12 Balls,https://www.lostgolfballs.com.au/12-callaway-chrome-soft-truvis.html,https://www.lostgolfballs.com.au/media/catalog/product/c/a/callaway_chrome_soft_truvis_1_1.jpg,,Callaway,Sporting Goods > Outdoor Recreation > Golf > Golf Balls,Golf Balls > Callaway,Grade:AAAAA/Mint Grade,AAAAA/Mint Grade,
1963-76-4645,1963,12 Callaway Chrome Soft Truvis AAAA/Near Mint Grade,Save Money On Callaway Chrome Soft Truvis Golf Balls. Best Value and Quality From Lost Golf Balls. Fast Shipping.,in stock,used_like_new,32.99 AUD,,12 Balls,https://www.lostgolfballs.com.au/12-callaway-chrome-soft-truvis.html,https://www.lostgolfballs.com.au/media/catalog/product/c/a/callaway_chrome_soft_truvis_1_1.jpg,,Callaway,Sporting Goods > Outdoor Recreation > Golf > Golf Balls,Golf Balls > Callaway,Grade:AAAA/Near Mint Grade,AAAA/Near Mint Grade,
1963-76-4388,1963,12 Callaway Chrome Soft Truvis AAA/Standard Grade,Save Money On Callaway Chrome Soft Truvis Golf Balls. Best Value and Quality From Lost Golf Balls. Fast Shipping.,in stock,used_good,29.99 AUD,,12 Balls,https://www.lostgolfballs.com.au/12-callaway-chrome-soft-truvis.html,https://www.lostgolfballs.com.au/media/catalog/product/c/a/callaway_chrome_soft_truvis_1_1.jpg,,Callaway,Sporting Goods > Outdoor Recreation > Golf > Golf Balls,Golf Balls > Callaway,Grade:AAA/Standard Grade,AAA/Standard Grade,
1963-76-4389,1963,12 Callaway Chrome Soft Truvis AA/C Grade,Save Money On Callaway Chrome Soft Truvis Golf Balls. Best Value and Quality From Lost Golf Balls. Fast Shipping.,in stock,used_fair,16.99 AUD,,12 Balls,https://www.lostgolfballs.com.au/12-callaway-chrome-soft-truvis.html,https://www.lostgolfballs.com.au/media/catalog/product/c/a/callaway_chrome_soft_truvis_1_1.jpg,,Callaway,Sporting Goods > Outdoor Recreation > Golf > Golf Balls,Golf Balls > Callaway,Grade:AA/C Grade,AA/C Grade,
1964-77-4836,1964,12 Callaway Chrome Soft AAAAA/Mint Grade,Save Money On Callaway Chrome Soft Golf Balls. Best Value and Quality From Lost Golf Balls. Fast Shipping.,in stock,used_like_new,44.99 AUD,,12 Balls,https://www.lostgolfballs.com.au/callaway-chrome-soft.html,https://www.lostgolfballs.com.au/media/catalog/product/c/a/callaway_chrome_soft_3_1_4.jpg,,Callaway,Sporting Goods > Outdoor Recreation > Golf > Golf Balls,Golf Balls > Callaway,Grade:AAAAA/Mint Grade,AAAAA/Mint Grade,
1964-77-4837,1964,12 Callaway Chrome Soft AAAA/Near Mint Grade,Save Money On Callaway Chrome Soft Golf Balls. Best Value and Quality From Lost Golf Balls. Fast Shipping.,in stock,used_like_new,37.99 AUD,,12 Balls,https://www.lostgolfballs.com.au/callaway-chrome-soft.html,https://www.lostgolfballs.com.au/media/catalog/product/c/a/callaway_chrome_soft_3_1_4.jpg,,Callaway,Sporting Goods > Outdoor Recreation > Golf > Golf Balls,Golf Balls > Callaway,Grade:AAAA/Near Mint Grade,AAAA/Near Mint Grade,
1964-77-2978,1964,12 Callaway Chrome Soft AAA/Standard Grade,Save Money On Callaway Chrome Soft Golf Balls. Best Value and Quality From Lost Golf Balls. Fast Shipping.,in stock,used_good,26.99 AUD,,12 Balls,https://www.lostgolfballs.com.au/callaway-chrome-soft.html,https://www.lostgolfballs.com.au/media/catalog/product/c/a/callaway_chrome_soft_3_1_4.jpg,,Callaway,Sporting Goods > Outdoor Recreation > Golf > Golf Balls,Golf Balls > Callaway,Grade:AAA/Standard Grade,AAA/Standard Grade,
1964-77-4413,1964,12 Callaway Chrome Soft AA/C Grade,Save Money On Callaway Chrome Soft Golf Balls. Best Value and Quality From Lost Golf Balls. Fast Shipping.,in stock,used_fair,15.99 AUD,,12 Balls,https://www.lostgolfballs.com.au/callaway-chrome-soft.html,https://www.lostgolfballs.com.au/media/catalog/product/c/a/callaway_chrome_soft_3_1_4.jpg,,Callaway,Sporting Goods > Outdoor Recreation > Golf > Golf Balls,Golf Balls > Callaway,Grade:AA/C Grade,AA/C Grade,
1965-78-2850,,12 Callaway Chrome Soft Yellow AA/C Grade,If You Are Looking For One Of The Longest Golf Balls Then This Is The One! The Callaway Chrome Soft Yellow Is Suited to Players Who Love Distance Off The Tee.,in stock,used_fair,19.99 AUD,,12 Balls,https://www.lostgolfballs.com.au/callaway-chrome-soft-yellow.html,https://www.lostgolfballs.com.au/media/catalog/product/c/a/callaway_chrome_soft_yellow_golf_balls_2.png,,Callaway,Sporting Goods > Outdoor Recreation > Golf > Golf Balls,Golf Balls > Callaway,,AA/C Grade,
1966-79-4594,1966,50 Callaway Chrome Soft AAAAA/Mint Grade,"Huge Savings On Callaway Chrome Soft Golf Balls. Cheap Golf Balls, VERY High Quality From Lost Golf Balls.",in stock,used_like_new,181.99 AUD,,50 Balls,https://www.lostgolfballs.com.au/50-callaway-chrome-soft.html,https://www.lostgolfballs.com.au/media/catalog/product/c/a/callaway_chrome_soft_3_1_4_2.jpg,,Callaway,Sporting Goods > Outdoor Recreation > Golf > Golf Balls,Golf Balls > Callaway,Grade:AAAAA/Mint Grade,AAAAA/Mint Grade,
1966-79-4595,1966,50 Callaway Chrome Soft AAAA/Near Mint Grade,"Huge Savings On Callaway Chrome Soft Golf Balls. Cheap Golf Balls, VERY High Quality From Lost Golf Balls.",in stock,used_like_new,154.99 AUD,,50 Balls,https://www.lostgolfballs.com.au/50-callaway-chrome-soft.html,https://www.lostgolfballs.com.au/media/catalog/product/c/a/callaway_chrome_soft_3_1_4_2.jpg,,Callaway,Sporting Goods > Outdoor Recreation > Golf > Golf Balls,Golf Balls > Callaway,Grade:AAAA/Near Mint Grade,AAAA/Near Mint Grade,
1966-79-4511,1966,50 Callaway Chrome Soft AAA/Standard Grade,"Huge Savings On Callaway Chrome Soft Golf Balls. Cheap Golf Balls, VERY High Quality From Lost Golf Balls.",in stock,used_good,119.99 AUD,,50 Balls,https://www.lostgolfballs.com.au/50-callaway-chrome-soft.html,https://www.lostgolfballs.com.au/media/catalog/product/c/a/callaway_chrome_soft_3_1_4_2.jpg,,Callaway,Sporting Goods > Outdoor Recreation > Golf > Golf Balls,Golf Balls > Callaway,Grade:AAA/Standard Grade,AAA/Standard Grade,
1966-79-4596,1966,50 Callaway Chrome Soft AA/C Grade,"Huge Savings On Callaway Chrome Soft Golf Balls. Cheap Golf Balls, VERY High Quality From Lost Golf Balls.",in stock,used_fair,54.99 AUD,,50 Balls,https://www.lostgolfballs.com.au/50-callaway-chrome-soft.html,https://www.lostgolfballs.com.au/media/catalog/product/c/a/callaway_chrome_soft_3_1_4_2.jpg,,Callaway,Sporting Goods > Outdoor Recreation > Golf > Golf Balls,Golf Balls > Callaway,Grade:AA/C Grade,AA/C Grade,
1966-79-4597,1966,50 Callaway Chrome Soft Practice Grade,"Huge Savings On Callaway Chrome Soft Golf Balls. Cheap Golf Balls, VERY High Quality From Lost Golf Balls.",in stock,used_fair,39.99 AUD,,50 Balls,https://www.lostgolfballs.com.au/50-callaway-chrome-soft.html,https://www.lostgolfballs.com.au/media/catalog/product/c/a/callaway_chrome_soft_3_1_4_2.jpg,,Callaway,Sporting Goods > Outdoor Recreation > Golf > Golf Balls,Golf Balls > Callaway,Grade:Practice,Practice,
1970-81-490,,50 Callaway Chrome Soft Truvis AAA/Standard Grade,"Huge Savings On Callaway Chrome Soft Truvis Golf Balls. Cheap Golf Balls, VERY High Quality From Lost Golf Balls.",in stock,used_good,99.99 AUD,,50 Balls,https://www.lostgolfballs.com.au/50-callaway-chrome-soft-truvis.html,https://www.lostgolfballs.com.au/media/catalog/product/c/a/callaway_chrome_soft_truvis_1_1_2.jpg,,Callaway,Sporting Goods > Outdoor Recreation > Golf > Golf Balls,Golf Balls > Callaway,,AAA/Standard Grade,
1995-104-599,1995,Mixed Callaway Golf Balls - 12 Callaway Golf Balls AAAA/Near Mint Grade,"Huge Savings On Mixed Callaway Golf Balls. Cheap Golf Balls, VERY High Quality From Lost Golf Balls.",in stock,used_like_new,15.99 AUD,,12 Balls,https://www.lostgolfballs.com.au/12-callaway-mixed-golf-balls.html,https://www.lostgolfballs.com.au/media/catalog/product/c/h/cheap_callaway_golf_balls_1_4.png.jpg,,Callaway,Sporting Goods > Outdoor Recreation > Golf > Golf Balls,Golf Balls > Callaway,Grade:AAAA/Near Mint Grade,AAAA/Near Mint Grade,
1995-104-713,1995,Mixed Callaway Golf Balls - 12 Callaway Golf Balls AAA/Standard Grade,"Huge Savings On Mixed Callaway Golf Balls. Cheap Golf Balls, VERY High Quality From Lost Golf Balls.",in stock,used_good,12.99 AUD,,12 Balls,https://www.lostgolfballs.com.au/12-callaway-mixed-golf-balls.html,https://www.lostgolfballs.com.au/media/catalog/product/c/h/cheap_callaway_golf_balls_1_4.png.jpg,,Callaway,Sporting Goods > Outdoor Recreation > Golf > Golf Balls,Golf Balls > Callaway,Grade:AAA/Standard Grade,AAA/Standard Grade,
1995-104-2060,1995,Mixed Callaway Golf Balls - 50 Callaway Golf Balls AAAAA/Mint Grade,"Huge Savings On Mixed Callaway Golf Balls. Cheap Golf Balls, VERY High Quality From Lost Golf Balls.",in stock,used_like_new,69.99 AUD,,50 Balls,https://www.lostgolfballs.com.au/12-callaway-mixed-golf-balls.html,https://www.lostgolfballs.com.au/media/catalog/product/c/h/cheap_callaway_golf_balls_1_4.png.jpg,,Callaway,Sporting Goods > Outdoor Recreation > Golf > Golf Balls,Golf Balls > Callaway,Grade:AAAAA/Mint Grade,AAAAA/Mint Grade,
1995-104-2061,1995,Mixed Callaway Golf Balls - 50 Callaway Golf Balls AAAA/Near Mint Grade,"Huge Savings On Mixed Callaway Golf Balls. Cheap Golf Balls, VERY High Quality From Lost Golf Balls.",in stock,used_like_new,64.99 AUD,,50 Balls,https://www.lostgolfballs.com.au/12-callaway-mixed-golf-balls.html,https://www.lostgolfballs.com.au/media/catalog/product/c/h/cheap_callaway_golf_balls_1_4.png.jpg,,Callaway,Sporting Goods > Outdoor Recreation > Golf > Golf Balls,Golf Balls > Callaway,Grade:AAAA/Near Mint Grade,AAAA/Near Mint Grade,
1995-104-2062,1995,Mixed Callaway Golf Balls - 50 Callaway Golf Balls AAA/Standard Grade,"Huge Savings On Mixed Callaway Golf Balls. Cheap Golf Balls, VERY High Quality From Lost Golf Balls.",in stock,used_good,49.99 AUD,,50 Balls,https://www.lostgolfballs.com.au/12-callaway-mixed-golf-balls.html,https://www.lostgolfballs.com.au/media/catalog/product/c/h/cheap_callaway_golf_balls_1_4.png.jpg,,Callaway,Sporting Goods > Outdoor Recreation > Golf > Golf Balls,Golf Balls > Callaway,Grade:AAA/Standard Grade,AAA/Standard Grade,
1995-104-2063,1995,Mixed Callaway Golf Balls - 100 Callaway Golf Balls AAAAA/Mint Grade,"Huge Savings On Mixed Callaway Golf Balls. Cheap Golf Balls, VERY High Quality From Lost Golf Balls.",in stock,used_like_new,149.99 AUD,,100 Balls,https://www.lostgolfballs.com.au/12-callaway-mixed-golf-balls.html,https://www.lostgolfballs.com.au/media/catalog/product/c/h/cheap_callaway_golf_balls_1_4.png.jpg,,Callaway,Sporting Goods > Outdoor Recreation > Golf > Golf Balls,Golf Balls > Callaway,Grade:AAAAA/Mint Grade,AAAAA/Mint Grade,
1995-104-2064,1995,Mixed Callaway Golf Balls - 100 Callaway Golf Balls AAAA/Near Mint Grade,"Huge Savings On Mixed Callaway Golf Balls. Cheap Golf Balls, VERY High Quality From Lost Golf Balls.",in stock,used_like_new,139.99 AUD,,100 Balls,https://www.lostgolfballs.com.au/12-callaway-mixed-golf-balls.html,https://www.lostgolfballs.com.au/media/catalog/product/c/h/cheap_callaway_golf_balls_1_4.png.jpg,,Callaway,Sporting Goods > Outdoor Recreation > Golf > Golf Balls,Golf Balls > Callaway,Grade:AAAA/Near Mint Grade,AAAA/Near Mint Grade,
1995-104-2065,1995,Mixed Callaway Golf Balls - 100 Callaway Golf Balls AAA/Standard Grade,"Huge Savings On Mixed Callaway Golf Balls. Cheap Golf Balls, VERY High Quality From Lost Golf Balls.",in stock,used_good,119.99 AUD,,100 Balls,https://www.lostgolfballs.com.au/12-callaway-mixed-golf-balls.html,https://www.lostgolfballs.com.au/media/catalog/product/c/h/cheap_callaway_golf_balls_1_4.png.jpg,,Callaway,Sporting Goods > Outdoor Recreation > Golf > Golf Balls,Golf Balls > Callaway,Grade:AAA/Standard Grade,AAA/Standard Grade,
1996-105-5032,1996,50 Callaway Golf Balls AAAAA/Mint Grade,Save Money On 50 Mixed Callaway Golf Balls. Best Value and Quality From Lost Golf Balls. Fast Shipping.,in stock,used_like_new,69.99 AUD,,50 Balls,https://www.lostgolfballs.com.au/50-callaway-mixed-golf-balls.html,https://www.lostgolfballs.com.au/media/catalog/product/m/i/mixed_callaway_used_golf_balls_4.jpg,,Callaway,Sporting Goods > Outdoor Recreation > Golf > Golf Balls,Golf Balls > Callaway,Grade:AAAAA/Mint Grade,AAAAA/Mint Grade,
1996-105-5033,1996,50 Callaway Golf Balls AAAA/Near Mint Grade,Save Money On 50 Mixed Callaway Golf Balls. Best Value and Quality From Lost Golf Balls. Fast Shipping.,in stock,used_like_new,64.99 AUD,,50 Balls,https://www.lostgolfballs.com.au/50-callaway-mixed-golf-balls.html,https://www.lostgolfballs.com.au/media/catalog/product/m/i/mixed_callaway_used_golf_balls_4.jpg,,Callaway,Sporting Goods > Outdoor Recreation > Golf > Golf Balls,Golf Balls > Callaway,Grade:AAAA/Near Mint Grade,AAAA/Near Mint Grade,
1996-105-2282,1996,50 Callaway Golf Balls AAA/Standard Grade,Save Money On 50 Mixed Callaway Golf Balls. Best Value and Quality From Lost Golf Balls. Fast Shipping.,in stock,used_good,49.99 AUD,,50 Balls,https://www.lostgolfballs.com.au/50-callaway-mixed-golf-balls.html,https://www.lostgolfballs.com.au/media/catalog/product/m/i/mixed_callaway_used_golf_balls_4.jpg,,Callaway,Sporting Goods > Outdoor Recreation > Golf > Golf Balls,Golf Balls > Callaway,Grade:AAA/Standard Grade,AAA/Standard Grade,
1996-105-5043,1996,50 Callaway Golf Balls AA/C Grade,Save Money On 50 Mixed Callaway Golf Balls. Best Value and Quality From Lost Golf Balls. Fast Shipping.,in stock,used_fair,49.99 AUD,,50 Balls,https://www.lostgolfballs.com.au/50-callaway-mixed-golf-balls.html,https://www.lostgolfballs.com.au/media/catalog/product/m/i/mixed_callaway_used_golf_balls_4.jpg,,Callaway,Sporting Goods > Outdoor Recreation > Golf > Golf Balls,Golf Balls > Callaway,Grade:AA/C Grade,AA/C Grade,
1997-106-1980,1997,100 Callaway Golf Balls AAAAA/Mint Grade,Save Money On 100 Mixed Callaway Golf Balls. Best Value and Quality From Lost Golf Balls. Fast Shipping.,in stock,used_like_new,149.99 AUD,,100 Balls,https://www.lostgolfballs.com.au/100-callaway-golf-balls.html,https://www.lostgolfballs.com.au/media/catalog/product/m/i/mixed_callaway_used_golf_balls_5.jpg,,Callaway,Sporting Goods > Outdoor Recreation > Golf > Golf Balls,Golf Balls > Callaway,Grade:AAAAA/Mint Grade,AAAAA/Mint Grade,
1997-106-609,1997,100 Callaway Golf Balls AAAA/Near Mint Grade,Save Money On 100 Mixed Callaway Golf Balls. Best Value and Quality From Lost Golf Balls. Fast Shipping.,in stock,used_like_new,139.99 AUD,,100 Balls,https://www.lostgolfballs.com.au/100-callaway-golf-balls.html,https://www.lostgolfballs.com.au/media/catalog/product/m/i/mixed_callaway_used_golf_balls_5.jpg,,Callaway,Sporting Goods > Outdoor Recreation > Golf > Golf Balls,Golf Balls > Callaway,Grade:AAAA/Near Mint Grade,AAAA/Near Mint Grade,
1997-106-2012,1997,100 Callaway Golf Balls AAA/Standard Grade,Save Money On 100 Mixed Callaway Golf Balls. Best Value and Quality From Lost Golf Balls. Fast Shipping.,in stock,used_good,119.99 AUD,,100 Balls,https://www.lostgolfballs.com.au/100-callaway-golf-balls.html,https://www.lostgolfballs.com.au/media/catalog/product/m/i/mixed_callaway_used_golf_balls_5.jpg,,Callaway,Sporting Goods > Outdoor Recreation > Golf > Golf Balls,Golf Balls > Callaway,Grade:AAA/Standard Grade,AAA/Standard Grade,
1997-106-2345,1997,100 Callaway Golf Balls AA/C Grade,Save Money On 100 Mixed Callaway Golf Balls. Best Value and Quality From Lost Golf Balls. Fast Shipping.,in stock,used_fair,84.99 AUD,,100 Balls,https://www.lostgolfballs.com.au/100-callaway-golf-balls.html,https://www.lostgolfballs.com.au/media/catalog/product/m/i/mixed_callaway_used_golf_balls_5.jpg,,Callaway,Sporting Goods > Outdoor Recreation > Golf > Golf Balls,Golf Balls > Callaway,Grade:AA/C Grade,AA/C Grade,
1998-107-1774,1998,12 Srixon Z Star AAAA/Near Mint Grade,Save Money On Srixon Z star Golf Balls. Best Value and Quality From Lost Golf Balls. Fast Shipping.,in stock,used_like_new,32.99 AUD,,12 Balls,https://www.lostgolfballs.com.au/srixon-z-star.html,https://www.lostgolfballs.com.au/media/catalog/product/s/r/srixon_z_star_discount_golf_balls_5.jpg,,Srixon,Sporting Goods > Outdoor Recreation > Golf > Golf Balls,Golf Balls > Srixon,Grade:AAAA/Near Mint Grade,AAAA/Near Mint Grade,
1998-107-1775,1998,12 Srixon Z Star AAA/Standard Grade,Save Money On Srixon Z star Golf Balls. Best Value and Quality From Lost Golf Balls. Fast Shipping.,in stock,used_good,29.99 AUD,,12 Balls,https://www.lostgolfballs.com.au/srixon-z-star.html,https://www.lostgolfballs.com.au/media/catalog/product/s/r/srixon_z_star_discount_golf_balls_5.jpg,,Srixon,Sporting Goods > Outdoor Recreation > Golf > Golf Balls,Golf Balls > Srixon,Grade:AAA/Standard Grade,AAA/Standard Grade,
1999-108-4828,1999,50 Srixon Z Star AAAAA/Mint Grade,Save Money On 50 Srixon Z Star Golf Balls. Best Value and Quality From Lost Golf Balls. Fast Shipping.,in stock,used_like_new,139.99 AUD,,50 Balls,https://www.lostgolfballs.com.au/srixon-z-star-50.html,https://www.lostgolfballs.com.au/media/catalog/product/s/r/srixon_z_star_discount_golf_balls_5_1.jpg,,Srixon,Sporting Goods > Outdoor Recreation > Golf > Golf Balls,Golf Balls > Srixon,Grade:AAAAA/Mint Grade,AAAAA/Mint Grade,
1999-108-4829,1999,50 Srixon Z Star AAAA/Near Mint Grade,Save Money On 50 Srixon Z Star Golf Balls. Best Value and Quality From Lost Golf Balls. Fast Shipping.,in stock,used_like_new,124.99 AUD,,50 Balls,https://www.lostgolfballs.com.au/srixon-z-star-50.html,https://www.lostgolfballs.com.au/media/catalog/product/s/r/srixon_z_star_discount_golf_balls_5_1.jpg,,Srixon,Sporting Goods > Outdoor Recreation > Golf > Golf Balls,Golf Balls > Srixon,Grade:AAAA/Near Mint Grade,AAAA/Near Mint Grade,
2001-110-1776,2001,12 Srixon Z Star XV AAAAA/Mint Grade,Save Money On Srixon Z Star XV Golf Balls. Best Value and Quality From Lost Golf Balls. Fast Shipping.,in stock,used_like_new,39.99 AUD,,12 Balls,https://www.lostgolfballs.com.au/srixon-z-star-xv.html,https://www.lostgolfballs.com.au/media/catalog/product/u/s/used_srizon_z_star_xv_golf_balls_4.jpg,,Srixon,Sporting Goods > Outdoor Recreation > Golf > Golf Balls,Golf Balls > Srixon,Grade:AAAAA/Mint Grade,AAAAA/Mint Grade,
2001-110-1777,2001,12 Srixon Z Star XV AAAA/Near Mint Grade,Save Money On Srixon Z Star XV Golf Balls. Best Value and Quality From Lost Golf Balls. Fast Shipping.,in stock,used_like_new,32.99 AUD,,12 Balls,https://www.lostgolfballs.com.au/srixon-z-star-xv.html,https://www.lostgolfballs.com.au/media/catalog/product/u/s/used_srizon_z_star_xv_golf_balls_4.jpg,,Srixon,Sporting Goods > Outdoor Recreation > Golf > Golf Balls,Golf Balls > Srixon,Grade:AAAA/Near Mint Grade,AAAA/Near Mint Grade,
2001-110-1778,2001,12 Srixon Z Star XV AAA/Standard Grade,Save Money On Srixon Z Star XV Golf Balls. Best Value and Quality From Lost Golf Balls. Fast Shipping.,in stock,used_good,31.99 AUD,,12 Balls,https://www.lostgolfballs.com.au/srixon-z-star-xv.html,https://www.lostgolfballs.com.au/media/catalog/product/u/s/used_srizon_z_star_xv_golf_balls_4.jpg,,Srixon,Sporting Goods > Outdoor Recreation > Golf > Golf Balls,Golf Balls > Srixon,Grade:AAA/Standard Grade,AAA/Standard Grade,
2002-111-4555,2002,50 Srixon Z Star XV AAAAA/Mint Grade,"Huge Savings On 50 Srixon Z Star Golf Balls. Cheap Golf Balls, VERY High Quality From Lost Golf Balls.",in stock,used_like_new,139.99 AUD,,50 Balls,https://www.lostgolfballs.com.au/srixon-z-star-xv-50.html,https://www.lostgolfballs.com.au/media/catalog/product/u/s/used_srizon_z_star_xv_golf_balls_4_1.jpg,,Srixon,Sporting Goods > Outdoor Recreation > Golf > Golf Balls,Golf Balls > Srixon,Grade:AAAAA/Mint Grade,AAAAA/Mint Grade,
2002-111-4556,2002,50 Srixon Z Star XV AAAA/Near Mint Grade,"Huge Savings On 50 Srixon Z Star Golf Balls. Cheap Golf Balls, VERY High Quality From Lost Golf Balls.",in stock,used_like_new,124.99 AUD,,50 Balls,https://www.lostgolfballs.com.au/srixon-z-star-xv-50.html,https://www.lostgolfballs.com.au/media/catalog/product/u/s/used_srizon_z_star_xv_golf_balls_4_1.jpg,,Srixon,Sporting Goods > Outdoor Recreation > Golf > Golf Balls,Golf Balls > Srixon,Grade:AAAA/Near Mint Grade,AAAA/Near Mint Grade,
2002-111-638,2002,50 Srixon Z Star XV AAA/Standard Grade,"Huge Savings On 50 Srixon Z Star Golf Balls. Cheap Golf Balls, VERY High Quality From Lost Golf Balls.",in stock,used_good,119.99 AUD,,50 Balls,https://www.lostgolfballs.com.au/srixon-z-star-xv-50.html,https://www.lostgolfballs.com.au/media/catalog/product/u/s/used_srizon_z_star_xv_golf_balls_4_1.jpg,,Srixon,Sporting Goods > Outdoor Recreation > Golf > Golf Balls,Golf Balls > Srixon,Grade:AAA/Standard Grade,AAA/Standard Grade,
2002-111-4721,2002,50 Srixon Z Star XV AA/C Grade,"Huge Savings On 50 Srixon Z Star Golf Balls. Cheap Golf Balls, VERY High Quality From Lost Golf Balls.",in stock,used_fair,54.99 AUD,,50 Balls,https://www.lostgolfballs.com.au/srixon-z-star-xv-50.html,https://www.lostgolfballs.com.au/media/catalog/product/u/s/used_srizon_z_star_xv_golf_balls_4_1.jpg,,Srixon,Sporting Goods > Outdoor Recreation > Golf > Golf Balls,Golf Balls > Srixon,Grade:AA/C Grade,AA/C Grade,
2003-112-644,2003,100 Srixon Z Star XV AAA/Standard Grade,Save Money On100 Srixson Z Star XV Golf Balls. Best Value and Quality From Lost Golf Balls. Fast Shipping.,in stock,used_good,229.99 AUD,,100 Balls,https://www.lostgolfballs.com.au/srixon-z-star-xv-100.html,https://www.lostgolfballs.com.au/media/catalog/product/u/s/used_srizon_z_star_xv_golf_balls_4_1_1.jpg,,Srixon,Sporting Goods > Outdoor Recreation > Golf > Golf Balls,Golf Balls > Srixon,Grade:AAA/Standard Grade,AAA/Standard Grade,
2003-112-1721,2003,100 Srixon Z Star XV AA/C Grade,Save Money On100 Srixson Z Star XV Golf Balls. Best Value and Quality From Lost Golf Balls. Fast Shipping.,in stock,used_fair,114.99 AUD,,100 Balls,https://www.lostgolfballs.com.au/srixon-z-star-xv-100.html,https://www.lostgolfballs.com.au/media/catalog/product/u/s/used_srizon_z_star_xv_golf_balls_4_1_1.jpg,,Srixon,Sporting Goods > Outdoor Recreation > Golf > Golf Balls,Golf Balls > Srixon,Grade:AA/C Grade,AA/C Grade,
2007-116-670,2007,12 Srixon Z Star XV Yellow AAAAA/Mint Grade,"Huge Savings On Srixon Z Star XV Yellow Golf Balls. Cheap Golf Balls, VERY High Quality From Lost Golf Balls.",in stock,used_like_new,38.99 AUD,,12 Balls,https://www.lostgolfballs.com.au/srixon-z-star-xv-yellow.html,https://www.lostgolfballs.com.au/media/catalog/product/s/r/srixon-z-star-xv-tour-yellow-ball_1_1_1_1.jpg,,Srixon,Sporting Goods > Outdoor Recreation > Golf > Golf Balls,Golf Balls > Srixon,Grade:AAAAA/Mint Grade,AAAAA/Mint Grade,
2007-116-668,2007,12 Srixon Z Star XV Yellow AAAA/Near Mint Grade,"Huge Savings On Srixon Z Star XV Yellow Golf Balls. Cheap Golf Balls, VERY High Quality From Lost Golf Balls.",in stock,used_like_new,34.99 AUD,,12 Balls,https://www.lostgolfballs.com.au/srixon-z-star-xv-yellow.html,https://www.lostgolfballs.com.au/media/catalog/product/s/r/srixon-z-star-xv-tour-yellow-ball_1_1_1_1.jpg,,Srixon,Sporting Goods > Outdoor Recreation > Golf > Golf Balls,Golf Balls > Srixon,Grade:AAAA/Near Mint Grade,AAAA/Near Mint Grade,
2007-116-669,2007,12 Srixon Z Star XV Yellow AAA/Standard Grade,"Huge Savings On Srixon Z Star XV Yellow Golf Balls. Cheap Golf Balls, VERY High Quality From Lost Golf Balls.",in stock,used_good,29.99 AUD,,12 Balls,https://www.lostgolfballs.com.au/srixon-z-star-xv-yellow.html,https://www.lostgolfballs.com.au/media/catalog/product/s/r/srixon-z-star-xv-tour-yellow-ball_1_1_1_1.jpg,,Srixon,Sporting Goods > Outdoor Recreation > Golf > Golf Balls,Golf Balls > Srixon,Grade:AAA/Standard Grade,AAA/Standard Grade,
2008-117-2416,,12 Srixon Z Star Orange AAAAA/Mint Grade,"Huge Savings On Srixon Z Star Orange Golf Balls. Cheap Orange Golf Balls, VERY High Quality From Lost Golf Balls.",in stock,used_like_new,44.99 AUD,,12 Balls,https://www.lostgolfballs.com.au/srixon-z-star-orange.html,https://www.lostgolfballs.com.au/media/catalog/product/s/r/srixon_z_star_orange.jpg,,Srixon,Sporting Goods > Outdoor Recreation > Golf > Golf Balls,Golf Balls > Srixon,,AAAAA/Mint Grade,
2019-121-700,,100 Srixon Z Star Yellow AAAA/Near Mint Grade,"Huge Savings On 100 Srixon Z Star yellow Golf Balls. Cheap Golf Balls, VERY High Quality From Lost Golf Balls.",in stock,used_like_new,264.99 AUD,,100 Balls,https://www.lostgolfballs.com.au/100-srixon-z-star-yellow.html,https://www.lostgolfballs.com.au/media/catalog/product/s/r/srixon_star_yellow-golf_balls_2_1_1.jpg,,Srixon,Sporting Goods > Outdoor Recreation > Golf > Golf Balls,Golf Balls > Srixon,,AAAA/Near Mint Grade,
2053-126-744,2053,100 Callaway Chrome Soft AAA/Standard Grade,Best Value 100 Callaway Chrome Soft 's Around. Huge Range Of Golf Balls At Amazing Price.,in stock,used_good,249.99 AUD,,100 Balls,https://www.lostgolfballs.com.au/100-callaway-chrome-soft.html,https://www.lostgolfballs.com.au/media/catalog/product/c/a/callaway_chrome_soft_3_1_4_2_1.jpg,,Callaway,Sporting Goods > Outdoor Recreation > Golf > Golf Balls,Golf Balls > Callaway,Grade:AAA/Standard Grade,AAA/Standard Grade,
2053-126-2317,2053,100 Callaway Chrome Soft AA/C Grade,Best Value 100 Callaway Chrome Soft 's Around. Huge Range Of Golf Balls At Amazing Price.,in stock,used_fair,129.99 AUD,,100 Balls,https://www.lostgolfballs.com.au/100-callaway-chrome-soft.html,https://www.lostgolfballs.com.au/media/catalog/product/c/a/callaway_chrome_soft_3_1_4_2_1.jpg,,Callaway,Sporting Goods > Outdoor Recreation > Golf > Golf Balls,Golf Balls > Callaway,Grade:AA/C Grade,AA/C Grade,
2053-126-2373,2053,100 Callaway Chrome Soft Practice Grade,Best Value 100 Callaway Chrome Soft 's Around. Huge Range Of Golf Balls At Amazing Price.,in stock,used_fair,79.99 AUD,,100 Balls,https://www.lostgolfballs.com.au/100-callaway-chrome-soft.html,https://www.lostgolfballs.com.au/media/catalog/product/c/a/callaway_chrome_soft_3_1_4_2_1.jpg,,Callaway,Sporting Goods > Outdoor Recreation > Golf > Golf Balls,Golf Balls > Callaway,Grade:Practice,Practice,
2055-127-4056,,100 Economy Golf Balls Mint/Near Mint Grade,100 Economy Golf Balls for Only $39.99! Grab yours today from Lost Golf Balls and laugh all the way to the bank! Same day dispatch if ordered before 2pm. Free tees with all golf balls.,in stock,used_like_new,59.99 AUD,,100 Balls,https://www.lostgolfballs.com.au/100-economy-golf-balls.html,https://www.lostgolfballs.com.au/media/catalog/product/b/u/budget_golf_balls_4_4.jpg,,Lost Golf Balls,Sporting Goods > Outdoor Recreation > Golf > Golf Balls,Golf Balls > Lost Golf Balls,,100 Economy Golf Balls Mint/Near Mint Grade,
2056-128-3192,,100 Premium Golf Balls AA/C Grade,"Best Value Cheap Second Hand Golf Balls Around! Save Up To 50% Off New Ball Prices. Order Before 2pm - Same Day Dispatch. All Brands, Titleist, Callaway, Taylormade From Lost Golf Balls.",in stock,used_fair,84.99 AUD,,100 Balls,https://www.lostgolfballs.com.au/100-premium-golf-balls.html,https://www.lostgolfballs.com.au/media/catalog/product/p/r/premium_golf_balls_2.jpg,,Lost Golf Balls,Sporting Goods > Outdoor Recreation > Golf > Golf Balls,Golf Balls > Lost Golf Balls,,AA/C Grade,
2058-130-755,,50 Titleist Pro V1 Practice Grade,Practice With Pro V1's Without Breaking The Bank. Order by 3pm - Same Day Dispatch. Free Tees With Every Order At Lost Golf Balls!,in stock,used_fair,44.99 AUD,,50 Balls,https://www.lostgolfballs.com.au/titleist-pro-v1-practice-grade-b.html,https://www.lostgolfballs.com.au/media/catalog/product/t/i/titleist_pro_v1_golf_balls_3_1_4.jpg,,Titleist,Sporting Goods > Outdoor Recreation > Golf > Golf Balls,Golf Balls > Titleist,,Practice,
2059-131-932,,50 Practice Grade Titleist Golf Balls,"Practice With Your Favourite Golf Ball For Less! This is a random mix of all Titleist golf balls. The balls are mainly A and AA grade and will show signs of use. All balls will have scuffs, scratches and possibly pen or logo marks. Some balls may be discoloured however no balls will be out of shape or cracked. These Titleist practice balls are great for hitting around in the park and refining your game. There may be some balls in here which will be ok for a round however generally these will be good for practice only Mix will be a random assortment of DT SoLo, DT Carry, DT Roll, NXT, NXT Extreme, NXT Tour, Tour Prestige, Tour Distance and others. Depending on what stock we have on hand you may get all of these models or just a one or two of them, it really depends on what we have in stock. Postage is a flate rate of $8.50 on these orders regardless of how many practice balls you purchase!",in stock,used_fair,32.99 AUD,,50 Balls,https://www.lostgolfballs.com.au/50-titleist-practice-golf-balls-b.html,https://www.lostgolfballs.com.au/media/catalog/product/t/i/titleist_practice_grade_golf_balls_1_1.jpg,,Titleist,Sporting Goods > Outdoor Recreation > Golf > Golf Balls,Golf Balls > Titleist,,Practice,
2066-135-764,,50 Mixed Premium Practice Golf Balls,"50 Cheap Practice Golf Balls. Free Tees With Every Order! Save on Titleist, Callaway, Srixon and all golf balls from Lost Golf Balls.",in stock,used_fair,26.99 AUD,,50 Balls,https://www.lostgolfballs.com.au/50-premium-practice-golf-balls-b.html,https://www.lostgolfballs.com.au/media/catalog/product/p/r/premium_practice_golf_balls_1_3_1.jpg,,Lost Golf Balls,Sporting Goods > Outdoor Recreation > Golf > Golf Balls,Golf Balls > Lost Golf Balls,,Mixed,
2073-139-787,,12 Bridgestone e6 Orange AAAA/Near Mint Grade,Save Money On Bridgestone E6 Orange Golf Balls. Best Value and Quality From Lost Golf Balls. Fast Shipping.,in stock,used_like_new,29.99 AUD,,12 Balls,https://www.lostgolfballs.com.au/bridgestone-e6-orange.html,https://www.lostgolfballs.com.au/media/catalog/product/b/r/bridgestone_e6_orange.png,,Bridgestone,Sporting Goods > Outdoor Recreation > Golf > Golf Balls,Golf Balls > Bridgestone,,AAAA/Near Mint Grade,
2170-142-805,,50 Srixon Z Star Practice Grade Golf Balls,Best Value E6's In Australia. Buy Now and save $$$ with Lost Golf Balls!,in stock,used_fair,36.99 AUD,,50 Balls,https://www.lostgolfballs.com.au/50-zstar-practice-grade-b.html,https://www.lostgolfballs.com.au/media/catalog/product/1/_/1._srixon_z_star_practice_golf_balls_1_2.jpg,,Srixon,Sporting Goods > Outdoor Recreation > Golf > Golf Balls,Golf Balls > Srixon,,Practice,
2181-153-848,2181,Mixed Taylormade Golf Balls - 12 Taylormade Golf Balls AAAAA/Mint Grade,"Huge Savings On12 Mixed Taylormade Golf Balls. Cheap Golf Balls, VERY High Quality From Lost Golf Balls.",in stock,used_like_new,19.99 AUD,,12 Balls,https://www.lostgolfballs.com.au/12-taylormade-mixed-golf-balls.html,https://www.lostgolfballs.com.au/media/catalog/product/t/a/taylormade_golf_balls_1_1.jpg,,TaylorMade,Sporting Goods > Outdoor Recreation > Golf > Golf Balls,Golf Balls > TaylorMade,Grade:AAAAA/Mint Grade,AAAAA/Mint Grade,
2181-153-2254,2181,Mixed Taylormade Golf Balls - 50 Taylormade Golf Balls AAAAA/Mint Grade,"Huge Savings On12 Mixed Taylormade Golf Balls. Cheap Golf Balls, VERY High Quality From Lost Golf Balls.",in stock,used_like_new,84.99 AUD,,50 Balls,https://www.lostgolfballs.com.au/12-taylormade-mixed-golf-balls.html,https://www.lostgolfballs.com.au/media/catalog/product/t/a/taylormade_golf_balls_1_1.jpg,,TaylorMade,Sporting Goods > Outdoor Recreation > Golf > Golf Balls,Golf Balls > TaylorMade,Grade:AAAAA/Mint Grade,AAAAA/Mint Grade,
2181-153-2255,2181,Mixed Taylormade Golf Balls - 50 Taylormade Golf Balls AAAA/Near Mint Grade,"Huge Savings On12 Mixed Taylormade Golf Balls. Cheap Golf Balls, VERY High Quality From Lost Golf Balls.",in stock,used_like_new,64.99 AUD,,50 Balls,https://www.lostgolfballs.com.au/12-taylormade-mixed-golf-balls.html,https://www.lostgolfballs.com.au/media/catalog/product/t/a/taylormade_golf_balls_1_1.jpg,,TaylorMade,Sporting Goods > Outdoor Recreation > Golf > Golf Balls,Golf Balls > TaylorMade,Grade:AAAA/Near Mint Grade,AAAA/Near Mint Grade,
2181-153-2256,2181,Mixed Taylormade Golf Balls - 50 Taylormade Golf Balls AAA/Standard Grade,"Huge Savings On12 Mixed Taylormade Golf Balls. Cheap Golf Balls, VERY High Quality From Lost Golf Balls.",in stock,used_good,59.99 AUD,,50 Balls,https://www.lostgolfballs.com.au/12-taylormade-mixed-golf-balls.html,https://www.lostgolfballs.com.au/media/catalog/product/t/a/taylormade_golf_balls_1_1.jpg,,TaylorMade,Sporting Goods > Outdoor Recreation > Golf > Golf Balls,Golf Balls > TaylorMade,Grade:AAA/Standard Grade,AAA/Standard Grade,
2181-153-2252,2181,Mixed Taylormade Golf Balls - 100 Taylormade Golf Balls AAAAA/Mint Grade,"Huge Savings On12 Mixed Taylormade Golf Balls. Cheap Golf Balls, VERY High Quality From Lost Golf Balls.",in stock,used_like_new,159.99 AUD,,100 Balls,https://www.lostgolfballs.com.au/12-taylormade-mixed-golf-balls.html,https://www.lostgolfballs.com.au/media/catalog/product/t/a/taylormade_golf_balls_1_1.jpg,,TaylorMade,Sporting Goods > Outdoor Recreation > Golf > Golf Balls,Golf Balls > TaylorMade,Grade:AAAAA/Mint Grade,AAAAA/Mint Grade,
2181-153-2253,2181,Mixed Taylormade Golf Balls - 100 Taylormade Golf Balls AAAA/Near Mint Grade,"Huge Savings On12 Mixed Taylormade Golf Balls. Cheap Golf Balls, VERY High Quality From Lost Golf Balls.",in stock,used_like_new,149.99 AUD,,100 Balls,https://www.lostgolfballs.com.au/12-taylormade-mixed-golf-balls.html,https://www.lostgolfballs.com.au/media/catalog/product/t/a/taylormade_golf_balls_1_1.jpg,,TaylorMade,Sporting Goods > Outdoor Recreation > Golf > Golf Balls,Golf Balls > TaylorMade,Grade:AAAA/Near Mint Grade,AAAA/Near Mint Grade,
2181-153-2257,2181,Mixed Taylormade Golf Balls - 100 Taylormade Golf Balls AAA/Standard Grade,"Huge Savings On12 Mixed Taylormade Golf Balls. Cheap Golf Balls, VERY High Quality From Lost Golf Balls.",in stock,used_good,119.99 AUD,,100 Balls,https://www.lostgolfballs.com.au/12-taylormade-mixed-golf-balls.html,https://www.lostgolfballs.com.au/media/catalog/product/t/a/taylormade_golf_balls_1_1.jpg,,TaylorMade,Sporting Goods > Outdoor Recreation > Golf > Golf Balls,Golf Balls > TaylorMade,Grade:AAA/Standard Grade,AAA/Standard Grade,
2186-158-2309,2186,100 Premium Yellow Mix AAAA/Near Mint Grade,Best Value E6's In Australia. Buy Now and save $$$ with Lost Golf Balls!,in stock,used_like_new,164.99 AUD,,100 Balls,https://www.lostgolfballs.com.au/premium-brand-yellow-mix-100-b.html,https://www.lostgolfballs.com.au/media/catalog/product/y/e/yellow_golf_balls_small_1_1_1.jpg,,Lost Golf Balls,Sporting Goods > Outdoor Recreation > Golf > Golf Balls,Golf Balls > Lost Golf Balls,Grade:AAAA/Near Mint Grade,AAAA/Near Mint Grade,
2186-158-866,2186,100 Premium Yellow Mix AAA/Standard Grade,Best Value E6's In Australia. Buy Now and save $$$ with Lost Golf Balls!,in stock,used_good,139.99 AUD,,100 Balls,https://www.lostgolfballs.com.au/premium-brand-yellow-mix-100-b.html,https://www.lostgolfballs.com.au/media/catalog/product/y/e/yellow_golf_balls_small_1_1_1.jpg,,Lost Golf Balls,Sporting Goods > Outdoor Recreation > Golf > Golf Balls,Golf Balls > Lost Golf Balls,Grade:AAA/Standard Grade,AAA/Standard Grade,
2186-158-2469,2186,100 Premium Yellow Mix AA/C Grade,Best Value E6's In Australia. Buy Now and save $$$ with Lost Golf Balls!,in stock,used_fair,109.99 AUD,,100 Balls,https://www.lostgolfballs.com.au/premium-brand-yellow-mix-100-b.html,https://www.lostgolfballs.com.au/media/catalog/product/y/e/yellow_golf_balls_small_1_1_1.jpg,,Lost Golf Balls,Sporting Goods > Outdoor Recreation > Golf > Golf Balls,Golf Balls > Lost Golf Balls,Grade:AA/C Grade,AA/C Grade,
2187-159-5051,2187,50 Premium Yellow Golf Balls AAAAA/Mint Grade,Huge Savings On High Quality Yellow Golf Balls! Save Serious Money On Your Yellow Golf Balls and Buy From Lost Golf Balls Today!,in stock,used_like_new,74.99 AUD,,50 Balls,https://www.lostgolfballs.com.au/premium-brand-yellow-mix-50.html,https://www.lostgolfballs.com.au/media/catalog/product/y/e/yellow_golf_balls_small_1_1_1_1.jpg,,Lost Golf Balls,Sporting Goods > Outdoor Recreation > Golf > Golf Balls,Golf Balls > Lost Golf Balls,Grade:AAAAA/Mint Grade,AAAAA/Mint Grade,
2187-159-5050,2187,50 Premium Yellow Mix AAAA/Near Mint Grade,Huge Savings On High Quality Yellow Golf Balls! Save Serious Money On Your Yellow Golf Balls and Buy From Lost Golf Balls Today!,in stock,used_like_new,64.99 AUD,,50 Balls,https://www.lostgolfballs.com.au/premium-brand-yellow-mix-50.html,https://www.lostgolfballs.com.au/media/catalog/product/y/e/yellow_golf_balls_small_1_1_1_1.jpg,,Lost Golf Balls,Sporting Goods > Outdoor Recreation > Golf > Golf Balls,Golf Balls > Lost Golf Balls,Grade:AAAA/Near Mint Grade,AAAA/Near Mint Grade,
2187-159-4832,2187,50 Premium Yellow Mix AAA/Standard Grade,Huge Savings On High Quality Yellow Golf Balls! Save Serious Money On Your Yellow Golf Balls and Buy From Lost Golf Balls Today!,in stock,used_good,59.99 AUD,,50 Balls,https://www.lostgolfballs.com.au/premium-brand-yellow-mix-50.html,https://www.lostgolfballs.com.au/media/catalog/product/y/e/yellow_golf_balls_small_1_1_1_1.jpg,,Lost Golf Balls,Sporting Goods > Outdoor Recreation > Golf > Golf Balls,Golf Balls > Lost Golf Balls,Grade:AAA/Standard Grade,AAA/Standard Grade,
2187-159-3114,2187,50 Premium Yellow Mix AA/C Grade,Huge Savings On High Quality Yellow Golf Balls! Save Serious Money On Your Yellow Golf Balls and Buy From Lost Golf Balls Today!,in stock,used_fair,44.99 AUD,,50 Balls,https://www.lostgolfballs.com.au/premium-brand-yellow-mix-50.html,https://www.lostgolfballs.com.au/media/catalog/product/y/e/yellow_golf_balls_small_1_1_1_1.jpg,,Lost Golf Balls,Sporting Goods > Outdoor Recreation > Golf > Golf Balls,Golf Balls > Lost Golf Balls,Grade:AA/C Grade,AA/C Grade,
2187-159-4835,2187,50 Premium Yellow Mix Practice Grade,Huge Savings On High Quality Yellow Golf Balls! Save Serious Money On Your Yellow Golf Balls and Buy From Lost Golf Balls Today!,in stock,used_fair,29.99 AUD,,50 Balls,https://www.lostgolfballs.com.au/premium-brand-yellow-mix-50.html,https://www.lostgolfballs.com.au/media/catalog/product/y/e/yellow_golf_balls_small_1_1_1_1.jpg,,Lost Golf Balls,Sporting Goods > Outdoor Recreation > Golf > Golf Balls,Golf Balls > Lost Golf Balls,Grade:Practice,Practice,
2190-162-879,2190,100 Srixon Golf Balls AAAAA/Mint Grade,"Huge Savings On 100 Mixed Srixon Golf Balls. Cheap Golf Balls, VERY High Quality From Lost Golf Balls.",in stock,used_like_new,169.99 AUD,,100 Balls,https://www.lostgolfballs.com.au/mixed-srixon-golf-balls-100.html,https://www.lostgolfballs.com.au/media/catalog/product/m/i/mixed_srixon_golf_balls_3.jpg,,Srixon,Sporting Goods > Outdoor Recreation > Golf > Golf Balls,Golf Balls > Srixon,Grade:AAAAA/Mint Grade,AAAAA/Mint Grade,
2190-162-878,2190,100 Srixon Golf Balls AAAA/Near Mint Grade,"Huge Savings On 100 Mixed Srixon Golf Balls. Cheap Golf Balls, VERY High Quality From Lost Golf Balls.",in stock,used_like_new,159.99 AUD,,100 Balls,https://www.lostgolfballs.com.au/mixed-srixon-golf-balls-100.html,https://www.lostgolfballs.com.au/media/catalog/product/m/i/mixed_srixon_golf_balls_3.jpg,,Srixon,Sporting Goods > Outdoor Recreation > Golf > Golf Balls,Golf Balls > Srixon,Grade:AAAA/Near Mint Grade,AAAA/Near Mint Grade,
2190-162-2087,2190,100 Srixon Golf Balls AAA/Standard Grade,"Huge Savings On 100 Mixed Srixon Golf Balls. Cheap Golf Balls, VERY High Quality From Lost Golf Balls.",in stock,used_good,119.99 AUD,,100 Balls,https://www.lostgolfballs.com.au/mixed-srixon-golf-balls-100.html,https://www.lostgolfballs.com.au/media/catalog/product/m/i/mixed_srixon_golf_balls_3.jpg,,Srixon,Sporting Goods > Outdoor Recreation > Golf > Golf Balls,Golf Balls > Srixon,Grade:AAA/Standard Grade,AAA/Standard Grade,
2192-164-884,,50 Practice Grade Srixon Golf Balls,Practice Golf With Srixon Practice Golf Balls. Free Tees With Every Order. Order Before 2pm - Same Dispatch. Save Time And Money With Lost Golf Balls!,in stock,used_fair,34.99 AUD,,50 Balls,https://www.lostgolfballs.com.au/srixon-practice-50-b.html,https://www.lostgolfballs.com.au/media/catalog/product/s/r/srixon_practice_grade_golf_balls_2_1.jpg,,Srixon,Sporting Goods > Outdoor Recreation > Golf > Golf Balls,Golf Balls > Srixon,,Practice,
2194-166-890,2194,12 Premium Yellow Mix AAAAA/Mint Grade,Best Value Yellow Golf Balls In Australia. Buy Now and save $$$ with Lost Golf Balls!,in stock,used_like_new,19.99 AUD,,12 Balls,https://www.lostgolfballs.com.au/premium-brand-yellow-mix-b.html,https://www.lostgolfballs.com.au/media/catalog/product/y/e/yellow_golf_balls_small_2.jpg,,Lost Golf Balls,Sporting Goods > Outdoor Recreation > Golf > Golf Balls,Golf Balls > Lost Golf Balls,Grade:AAAAA/Mint Grade,AAAAA/Mint Grade,
2194-166-889,2194,12 Premium Yellow Mix AAAA/Near Mint Grade,Best Value Yellow Golf Balls In Australia. Buy Now and save $$$ with Lost Golf Balls!,in stock,used_like_new,19.99 AUD,,12 Balls,https://www.lostgolfballs.com.au/premium-brand-yellow-mix-b.html,https://www.lostgolfballs.com.au/media/catalog/product/y/e/yellow_golf_balls_small_2.jpg,,Lost Golf Balls,Sporting Goods > Outdoor Recreation > Golf > Golf Balls,Golf Balls > Lost Golf Balls,Grade:AAAA/Near Mint Grade,AAAA/Near Mint Grade,
2194-166-888,2194,12 Premium Yellow Mix AAA/Standard Grade,Best Value Yellow Golf Balls In Australia. Buy Now and save $$$ with Lost Golf Balls!,in stock,used_good,17.99 AUD,,12 Balls,https://www.lostgolfballs.com.au/premium-brand-yellow-mix-b.html,https://www.lostgolfballs.com.au/media/catalog/product/y/e/yellow_golf_balls_small_2.jpg,,Lost Golf Balls,Sporting Goods > Outdoor Recreation > Golf > Golf Balls,Golf Balls > Lost Golf Balls,Grade:AAA/Standard Grade,AAA/Standard Grade,
2194-166-2312,2194,50 Premium Yellow Golf Balls AAAAA/Mint Grade,Best Value Yellow Golf Balls In Australia. Buy Now and save $$$ with Lost Golf Balls!,in stock,used_like_new,74.99 AUD,,50 Balls,https://www.lostgolfballs.com.au/premium-brand-yellow-mix-b.html,https://www.lostgolfballs.com.au/media/catalog/product/y/e/yellow_golf_balls_small_2.jpg,,Lost Golf Balls,Sporting Goods > Outdoor Recreation > Golf > Golf Balls,Golf Balls > Lost Golf Balls,Grade:AAAAA/Mint Grade,AAAAA/Mint Grade,
2194-166-2311,2194,50 Premium Yellow Mix AAAA/Near Mint Grade,Best Value Yellow Golf Balls In Australia. Buy Now and save $$$ with Lost Golf Balls!,in stock,used_like_new,64.99 AUD,,50 Balls,https://www.lostgolfballs.com.au/premium-brand-yellow-mix-b.html,https://www.lostgolfballs.com.au/media/catalog/product/y/e/yellow_golf_balls_small_2.jpg,,Lost Golf Balls,Sporting Goods > Outdoor Recreation > Golf > Golf Balls,Golf Balls > Lost Golf Balls,Grade:AAAA/Near Mint Grade,AAAA/Near Mint Grade,
2194-166-2310,2194,50 Premium Yellow Mix AAA/Standard Grade,Best Value Yellow Golf Balls In Australia. Buy Now and save $$$ with Lost Golf Balls!,in stock,used_good,59.99 AUD,,50 Balls,https://www.lostgolfballs.com.au/premium-brand-yellow-mix-b.html,https://www.lostgolfballs.com.au/media/catalog/product/y/e/yellow_golf_balls_small_2.jpg,,Lost Golf Balls,Sporting Goods > Outdoor Recreation > Golf > Golf Balls,Golf Balls > Lost Golf Balls,Grade:AAA/Standard Grade,AAA/Standard Grade,
2194-166-2315,2194,100 Premium Yellow Mix AAAA/Near Mint Grade,Best Value Yellow Golf Balls In Australia. Buy Now and save $$$ with Lost Golf Balls!,in stock,used_like_new,164.99 AUD,,100 Balls,https://www.lostgolfballs.com.au/premium-brand-yellow-mix-b.html,https://www.lostgolfballs.com.au/media/catalog/product/y/e/yellow_golf_balls_small_2.jpg,,Lost Golf Balls,Sporting Goods > Outdoor Recreation > Golf > Golf Balls,Golf Balls > Lost Golf Balls,Grade:AAAA/Near Mint Grade,AAAA/Near Mint Grade,
2194-166-2313,2194,100 Premium Yellow Mix AAA/Standard Grade,Best Value Yellow Golf Balls In Australia. Buy Now and save $$$ with Lost Golf Balls!,in stock,used_good,139.99 AUD,,100 Balls,https://www.lostgolfballs.com.au/premium-brand-yellow-mix-b.html,https://www.lostgolfballs.com.au/media/catalog/product/y/e/yellow_golf_balls_small_2.jpg,,Lost Golf Balls,Sporting Goods > Outdoor Recreation > Golf > Golf Balls,Golf Balls > Lost Golf Balls,Grade:AAA/Standard Grade,AAA/Standard Grade,
2211-174-931,2211,50 Titleist NXT Tour AAAA/Near Mint Grade,Save Money On 50 Titleist NXT Tour Golf Balls. Best Value and Quality From Lost Golf Balls. Fast Shipping.,in stock,used_like_new,119.99 AUD,,50 Balls,https://www.lostgolfballs.com.au/titleist-nxt-tour-50-2212.html,https://www.lostgolfballs.com.au/media/catalog/product/t/i/titleist_nxt_tour_1_1_1.png,,Titleist,Sporting Goods > Outdoor Recreation > Golf > Golf Balls,Golf Balls > Titleist,Grade:AAAA/Near Mint Grade,AAAA/Near Mint Grade,
2211-174-2678,2211,50 Titleist NXT Tour AAA/Standard Grade,Save Money On 50 Titleist NXT Tour Golf Balls. Best Value and Quality From Lost Golf Balls. Fast Shipping.,in stock,used_good,99.99 AUD,,50 Balls,https://www.lostgolfballs.com.au/titleist-nxt-tour-50-2212.html,https://www.lostgolfballs.com.au/media/catalog/product/t/i/titleist_nxt_tour_1_1_1.png,,Titleist,Sporting Goods > Outdoor Recreation > Golf > Golf Balls,Golf Balls > Titleist,Grade:AAA/Standard Grade,AAA/Standard Grade,
2225-180-971,2225,12 Titleist NXT Tour S AAAAA/Mint Grade,The Titleist NXT Tour S Set The Bar Incredibly High In The Tour Golf Balls Arena. A Perfect Addition To Any Golfers Bag,in stock,used_like_new,34.99 AUD,,12 Balls,https://www.lostgolfballs.com.au/titleist-nxt-tours.html,https://www.lostgolfballs.com.au/media/catalog/product/t/i/titleist_nxt_tour_s_golf_balls.jpg,,Titleist,Sporting Goods > Outdoor Recreation > Golf > Golf Balls,Golf Balls > Titleist,Grade:AAAAA/Mint Grade,AAAAA/Mint Grade,
2225-180-972,2225,12 Titleist NXT Tour S AAAA/Near Mint Grade,The Titleist NXT Tour S Set The Bar Incredibly High In The Tour Golf Balls Arena. A Perfect Addition To Any Golfers Bag,in stock,used_like_new,29.99 AUD,,12 Balls,https://www.lostgolfballs.com.au/titleist-nxt-tours.html,https://www.lostgolfballs.com.au/media/catalog/product/t/i/titleist_nxt_tour_s_golf_balls.jpg,,Titleist,Sporting Goods > Outdoor Recreation > Golf > Golf Balls,Golf Balls > Titleist,Grade:AAAA/Near Mint Grade,AAAA/Near Mint Grade,
2225-180-973,2225,12 Titleist NXT Tour S AAA/Standard Grade,The Titleist NXT Tour S Set The Bar Incredibly High In The Tour Golf Balls Arena. A Perfect Addition To Any Golfers Bag,in stock,used_good,24.99 AUD,,12 Balls,https://www.lostgolfballs.com.au/titleist-nxt-tours.html,https://www.lostgolfballs.com.au/media/catalog/product/t/i/titleist_nxt_tour_s_golf_balls.jpg,,Titleist,Sporting Goods > Outdoor Recreation > Golf > Golf Balls,Golf Balls > Titleist,Grade:AAA/Standard Grade,AAA/Standard Grade,
2228-183-987,2228,12 Titleist Velocity AAAAA/Mint Grade,The Titleist Velocity Set The Bar Incredibly High In The Tour Golf Balls Arena. A Perfect Addition To Any Golfers Bag,in stock,used_like_new,29.99 AUD,,12 Balls,https://www.lostgolfballs.com.au/titleist-velocity-3336.html,https://www.lostgolfballs.com.au/media/catalog/product/t/i/titleist_velocity_6_3.jpg,,Titleist,Sporting Goods > Outdoor Recreation > Golf > Golf Balls,Golf Balls > Titleist,Grade:AAAAA/Mint Grade,AAAAA/Mint Grade,
2228-183-988,2228,12 Titleist Velocity AAAA/Near Mint Grade,The Titleist Velocity Set The Bar Incredibly High In The Tour Golf Balls Arena. A Perfect Addition To Any Golfers Bag,in stock,used_like_new,25.99 AUD,,12 Balls,https://www.lostgolfballs.com.au/titleist-velocity-3336.html,https://www.lostgolfballs.com.au/media/catalog/product/t/i/titleist_velocity_6_3.jpg,,Titleist,Sporting Goods > Outdoor Recreation > Golf > Golf Balls,Golf Balls > Titleist,Grade:AAAA/Near Mint Grade,AAAA/Near Mint Grade,
2228-183-1839,2228,12 Titleist Velocity AAA/Standard Grade,The Titleist Velocity Set The Bar Incredibly High In The Tour Golf Balls Arena. A Perfect Addition To Any Golfers Bag,in stock,used_good,19.99 AUD,,12 Balls,https://www.lostgolfballs.com.au/titleist-velocity-3336.html,https://www.lostgolfballs.com.au/media/catalog/product/t/i/titleist_velocity_6_3.jpg,,Titleist,Sporting Goods > Outdoor Recreation > Golf > Golf Balls,Golf Balls > Titleist,Grade:AAA/Standard Grade,AAA/Standard Grade,
2228-183-3492,2228,50 Titleist Velocity AAAAA/Mint Grade,The Titleist Velocity Set The Bar Incredibly High In The Tour Golf Balls Arena. A Perfect Addition To Any Golfers Bag,in stock,used_like_new,119.99 AUD,,50 Balls,https://www.lostgolfballs.com.au/titleist-velocity-3336.html,https://www.lostgolfballs.com.au/media/catalog/product/t/i/titleist_velocity_6_3.jpg,,Titleist,Sporting Goods > Outdoor Recreation > Golf > Golf Balls,Golf Balls > Titleist,Grade:AAAAA/Mint Grade,AAAAA/Mint Grade,
2228-183-3493,2228,50 Titleist Velocity AAAA/Near Mint Grade,The Titleist Velocity Set The Bar Incredibly High In The Tour Golf Balls Arena. A Perfect Addition To Any Golfers Bag,in stock,used_like_new,99.99 AUD,,50 Balls,https://www.lostgolfballs.com.au/titleist-velocity-3336.html,https://www.lostgolfballs.com.au/media/catalog/product/t/i/titleist_velocity_6_3.jpg,,Titleist,Sporting Goods > Outdoor Recreation > Golf > Golf Balls,Golf Balls > Titleist,Grade:AAAA/Near Mint Grade,AAAA/Near Mint Grade,
2228-183-3494,2228,50 Titleist Velocity AAA/Standard Grade,The Titleist Velocity Set The Bar Incredibly High In The Tour Golf Balls Arena. A Perfect Addition To Any Golfers Bag,in stock,used_good,79.99 AUD,,50 Balls,https://www.lostgolfballs.com.au/titleist-velocity-3336.html,https://www.lostgolfballs.com.au/media/catalog/product/t/i/titleist_velocity_6_3.jpg,,Titleist,Sporting Goods > Outdoor Recreation > Golf > Golf Balls,Golf Balls > Titleist,Grade:AAA/Standard Grade,AAA/Standard Grade,
2229-184-991,2229,50 Titleist Velocity AAAAA/Mint Grade,The Titleist Velocity Set The Bar Incredibly High In The Tour Golf Balls Arena. A Perfect Addition To Any Golfers Bag,in stock,used_like_new,119.99 AUD,,50 Balls,https://www.lostgolfballs.com.au/50-titleist-velocity-golf-balls.html,https://www.lostgolfballs.com.au/media/catalog/product/t/i/titleist_velocity_6_3_1.jpg,,Titleist,Sporting Goods > Outdoor Recreation > Golf > Golf Balls,Golf Balls > Titleist,Grade:AAAAA/Mint Grade,AAAAA/Mint Grade,
2229-184-992,2229,50 Titleist Velocity AAAA/Near Mint Grade,The Titleist Velocity Set The Bar Incredibly High In The Tour Golf Balls Arena. A Perfect Addition To Any Golfers Bag,in stock,used_like_new,99.99 AUD,,50 Balls,https://www.lostgolfballs.com.au/50-titleist-velocity-golf-balls.html,https://www.lostgolfballs.com.au/media/catalog/product/t/i/titleist_velocity_6_3_1.jpg,,Titleist,Sporting Goods > Outdoor Recreation > Golf > Golf Balls,Golf Balls > Titleist,Grade:AAAA/Near Mint Grade,AAAA/Near Mint Grade,
2229-184-993,2229,50 Titleist Velocity AAA/Standard Grade,The Titleist Velocity Set The Bar Incredibly High In The Tour Golf Balls Arena. A Perfect Addition To Any Golfers Bag,in stock,used_good,79.99 AUD,,50 Balls,https://www.lostgolfballs.com.au/50-titleist-velocity-golf-balls.html,https://www.lostgolfballs.com.au/media/catalog/product/t/i/titleist_velocity_6_3_1.jpg,,Titleist,Sporting Goods > Outdoor Recreation > Golf > Golf Balls,Golf Balls > Titleist,Grade:AAA/Standard Grade,AAA/Standard Grade,
2231-185-997,2231,100 Titleist Velocity AAAAA/Mint,Save Money On 100 Titleist Velocity Golf Balls. Best Value and Quality From Lost Golf Balls. Fast Shipping.,in stock,used_like_new,229.99 AUD,,100 Balls,https://www.lostgolfballs.com.au/titleist-velocity-golf-balls-100-2342.html,https://www.lostgolfballs.com.au/media/catalog/product/t/i/titleist_velocity_6_3_1_1.jpg,,Titleist,Sporting Goods > Outdoor Recreation > Golf > Golf Balls,Golf Balls > Titleist,Grade:AAAAA/Mint,AAAAA/Mint,
2231-185-998,2231,100 Titleist Velocity AAAA/Near Mint,Save Money On 100 Titleist Velocity Golf Balls. Best Value and Quality From Lost Golf Balls. Fast Shipping.,in stock,used_like_new,189.99 AUD,,100 Balls,https://www.lostgolfballs.com.au/titleist-velocity-golf-balls-100-2342.html,https://www.lostgolfballs.com.au/media/catalog/product/t/i/titleist_velocity_6_3_1_1.jpg,,Titleist,Sporting Goods > Outdoor Recreation > Golf > Golf Balls,Golf Balls > Titleist,Grade:AAAA/Near Mint,AAAA/Near Mint,
2231-185-999,2231,100 Titleist Velocity AAA/Standard Grade,Save Money On 100 Titleist Velocity Golf Balls. Best Value and Quality From Lost Golf Balls. Fast Shipping.,in stock,used_good,134.99 AUD,,100 Balls,https://www.lostgolfballs.com.au/titleist-velocity-golf-balls-100-2342.html,https://www.lostgolfballs.com.au/media/catalog/product/t/i/titleist_velocity_6_3_1_1.jpg,,Titleist,Sporting Goods > Outdoor Recreation > Golf > Golf Balls,Golf Balls > Titleist,Grade:AAA/Standard Grade,AAA/Standard Grade,
2240-193-1028,2240,12 Callaway Supersoft AAAAA/Mint Grade,Awesome Value Callaway Supersoft Golf Balls. Used Callaway Supersoft And Many Other Cheap Golf Balls Are Available From Lost Golf Balls!,in stock,used_like_new,25.99 AUD,,12 Balls,https://www.lostgolfballs.com.au/callaway-supersoft.html,https://www.lostgolfballs.com.au/media/catalog/product/c/a/callaway_supersoft_2.png,,Callaway,Sporting Goods > Outdoor Recreation > Golf > Golf Balls,Golf Balls > Callaway,Grade:AAAAA/Mint Grade,AAAAA/Mint Grade,
2240-193-1029,2240,12 Callaway Supersoft AAAA/Near Mint Grade,Awesome Value Callaway Supersoft Golf Balls. Used Callaway Supersoft And Many Other Cheap Golf Balls Are Available From Lost Golf Balls!,in stock,used_like_new,22.99 AUD,,12 Balls,https://www.lostgolfballs.com.au/callaway-supersoft.html,https://www.lostgolfballs.com.au/media/catalog/product/c/a/callaway_supersoft_2.png,,Callaway,Sporting Goods > Outdoor Recreation > Golf > Golf Balls,Golf Balls > Callaway,Grade:AAAA/Near Mint Grade,AAAA/Near Mint Grade,
2240-193-1030,2240,12 Callaway Supersoft AAA/Standard Grade,Awesome Value Callaway Supersoft Golf Balls. Used Callaway Supersoft And Many Other Cheap Golf Balls Are Available From Lost Golf Balls!,in stock,used_good,18.99 AUD,,12 Balls,https://www.lostgolfballs.com.au/callaway-supersoft.html,https://www.lostgolfballs.com.au/media/catalog/product/c/a/callaway_supersoft_2.png,,Callaway,Sporting Goods > Outdoor Recreation > Golf > Golf Balls,Golf Balls > Callaway,Grade:AAA/Standard Grade,AAA/Standard Grade,
2240-193-2944,2240,12 Callaway Supersoft AA/C Grade,Awesome Value Callaway Supersoft Golf Balls. Used Callaway Supersoft And Many Other Cheap Golf Balls Are Available From Lost Golf Balls!,in stock,used_fair,12.99 AUD,,12 Balls,https://www.lostgolfballs.com.au/callaway-supersoft.html,https://www.lostgolfballs.com.au/media/catalog/product/c/a/callaway_supersoft_2.png,,Callaway,Sporting Goods > Outdoor Recreation > Golf > Golf Balls,Golf Balls > Callaway,Grade:AA/C Grade,AA/C Grade,
2241-194-1034,2241,50 Callaway Supersoft AAAAA/Mint Grade,Awesome Value 50 Callaway Supersoft Golf Balls. Used Callaway Supersoft And Many Other Cheap Golf Balls Are Available From Lost Golf Balls!,in stock,used_like_new,119.99 AUD,,50 Balls,https://www.lostgolfballs.com.au/callaway-supersoft-50.html,https://www.lostgolfballs.com.au/media/catalog/product/c/a/callaway_supersoft_2_1.png,,Callaway,Sporting Goods > Outdoor Recreation > Golf > Golf Balls,Golf Balls > Callaway,Grade:AAAAA/Mint Grade,AAAAA/Mint Grade,
2241-194-1035,2241,50 Callaway Supersoft AAAA/Near Mint Grade,Awesome Value 50 Callaway Supersoft Golf Balls. Used Callaway Supersoft And Many Other Cheap Golf Balls Are Available From Lost Golf Balls!,in stock,used_like_new,99.99 AUD,,50 Balls,https://www.lostgolfballs.com.au/callaway-supersoft-50.html,https://www.lostgolfballs.com.au/media/catalog/product/c/a/callaway_supersoft_2_1.png,,Callaway,Sporting Goods > Outdoor Recreation > Golf > Golf Balls,Golf Balls > Callaway,Grade:AAAA/Near Mint Grade,AAAA/Near Mint Grade,
2241-194-1036,2241,50 Callaway Supersoft AAA/Standard Grade,Awesome Value 50 Callaway Supersoft Golf Balls. Used Callaway Supersoft And Many Other Cheap Golf Balls Are Available From Lost Golf Balls!,in stock,used_good,84.99 AUD,,50 Balls,https://www.lostgolfballs.com.au/callaway-supersoft-50.html,https://www.lostgolfballs.com.au/media/catalog/product/c/a/callaway_supersoft_2_1.png,,Callaway,Sporting Goods > Outdoor Recreation > Golf > Golf Balls,Golf Balls > Callaway,Grade:AAA/Standard Grade,AAA/Standard Grade,
2242-195-1040,2242,100 Callaway Supersoft AAAAA/Mint Grade,Awesome Value100 Callaway Superssoft Golf Balls. Used Callaway Supersoft And Many Other Cheap Golf Balls Are Available From Lost Golf Balls!,in stock,used_like_new,219.99 AUD,,100 Balls,https://www.lostgolfballs.com.au/callaway-supersoft-100.html,https://www.lostgolfballs.com.au/media/catalog/product/c/a/callaway_supersoft_2_1_1.png,,Callaway,Sporting Goods > Outdoor Recreation > Golf > Golf Balls,Golf Balls > Callaway,Grade:AAAAA/Mint Grade,AAAAA/Mint Grade,
2242-195-1041,2242,100 Callaway Supersoft AAAA/Near Mint Grade,Awesome Value100 Callaway Superssoft Golf Balls. Used Callaway Supersoft And Many Other Cheap Golf Balls Are Available From Lost Golf Balls!,in stock,used_like_new,199.99 AUD,,100 Balls,https://www.lostgolfballs.com.au/callaway-supersoft-100.html,https://www.lostgolfballs.com.au/media/catalog/product/c/a/callaway_supersoft_2_1_1.png,,Callaway,Sporting Goods > Outdoor Recreation > Golf > Golf Balls,Golf Balls > Callaway,Grade:AAAA/Near Mint Grade,AAAA/Near Mint Grade,
2298-250-1770,2298,12 Titleist NXT Tour AAAAA/Mint Grade,"Huge Savings On Titleist NXT Tour Golf Balls. Cheap Golf Balls, VERY High Quality From Lost Golf Balls.",in stock,used_like_new,29.99 AUD,,12 Balls,https://www.lostgolfballs.com.au/titleist-nxt-tour-b.html,https://www.lostgolfballs.com.au/media/catalog/product/t/i/titleist_nxt_tour_1_1_1_2.png,,Titleist,Sporting Goods > Outdoor Recreation > Golf > Golf Balls,Golf Balls > Titleist,Grade:AAAAA/Mint Grade,AAAAA/Mint Grade,
2298-250-1771,2298,12 Titleist NXT Tour AAAA/Near Mint Grade,"Huge Savings On Titleist NXT Tour Golf Balls. Cheap Golf Balls, VERY High Quality From Lost Golf Balls.",in stock,used_like_new,24.99 AUD,,12 Balls,https://www.lostgolfballs.com.au/titleist-nxt-tour-b.html,https://www.lostgolfballs.com.au/media/catalog/product/t/i/titleist_nxt_tour_1_1_1_2.png,,Titleist,Sporting Goods > Outdoor Recreation > Golf > Golf Balls,Golf Balls > Titleist,Grade:AAAA/Near Mint Grade,AAAA/Near Mint Grade,
2298-250-1772,2298,12 Titleist NXT Tour AAA/Standard Grade,"Huge Savings On Titleist NXT Tour Golf Balls. Cheap Golf Balls, VERY High Quality From Lost Golf Balls.",in stock,used_good,21.99 AUD,,12 Balls,https://www.lostgolfballs.com.au/titleist-nxt-tour-b.html,https://www.lostgolfballs.com.au/media/catalog/product/t/i/titleist_nxt_tour_1_1_1_2.png,,Titleist,Sporting Goods > Outdoor Recreation > Golf > Golf Balls,Golf Balls > Titleist,Grade:AAA/Standard Grade,AAA/Standard Grade,
2298-250-3491,2298,50 Titleist NXT Tour AAAA/Near Mint Grade,"Huge Savings On Titleist NXT Tour Golf Balls. Cheap Golf Balls, VERY High Quality From Lost Golf Balls.",in stock,used_like_new,119.99 AUD,,50 Balls,https://www.lostgolfballs.com.au/titleist-nxt-tour-b.html,https://www.lostgolfballs.com.au/media/catalog/product/t/i/titleist_nxt_tour_1_1_1_2.png,,Titleist,Sporting Goods > Outdoor Recreation > Golf > Golf Balls,Golf Balls > Titleist,Grade:AAAA/Near Mint Grade,AAAA/Near Mint Grade,
2298-250-3489,2298,50 Titleist NXT Tour AAA/Standard Grade,"Huge Savings On Titleist NXT Tour Golf Balls. Cheap Golf Balls, VERY High Quality From Lost Golf Balls.",in stock,used_good,99.99 AUD,,50 Balls,https://www.lostgolfballs.com.au/titleist-nxt-tour-b.html,https://www.lostgolfballs.com.au/media/catalog/product/t/i/titleist_nxt_tour_1_1_1_2.png,,Titleist,Sporting Goods > Outdoor Recreation > Golf > Golf Balls,Golf Balls > Titleist,Grade:AAA/Standard Grade,AAA/Standard Grade,
2299-395-2493,,100 Titleist NXT Tour AAAA/Near Mint Grade,Save Money On 100 Titleist NXT Tour Golf Balls. Best Value and Quality From Lost Golf Balls. Fast Shipping.,in stock,used_like_new,199.99 AUD,,100 Balls,https://www.lostgolfballs.com.au/titleist-nxt-tour-100-b.html,https://www.lostgolfballs.com.au/media/catalog/product/t/i/titleist_nxt_tour_1_1_1_2_1.png,,Titleist,Sporting Goods > Outdoor Recreation > Golf > Golf Balls,Golf Balls > Titleist,,AAAA/Near Mint Grade,
2308-260-5015,2308,50 Taylormade Golf Balls AAAAA/Mint Grade,Save Money On 50 Mixed Taylormade Golf Balls. Best Value and Quality From Lost Golf Balls. Fast Shipping.,in stock,used_like_new,84.99 AUD,,50 Balls,https://www.lostgolfballs.com.au/50-mixed-taylormade-golf-balls-3458.html,https://www.lostgolfballs.com.au/media/catalog/product/t/a/taylormade_golf_balls_1_1_1.jpg,,TaylorMade,Sporting Goods > Outdoor Recreation > Golf > Golf Balls,Golf Balls > TaylorMade,Grade:AAAAA/Mint Grade,AAAAA/Mint Grade,
2308-260-5016,2308,50 Taylormade Golf Balls AAAA/Near Mint Grade,Save Money On 50 Mixed Taylormade Golf Balls. Best Value and Quality From Lost Golf Balls. Fast Shipping.,in stock,used_like_new,64.99 AUD,,50 Balls,https://www.lostgolfballs.com.au/50-mixed-taylormade-golf-balls-3458.html,https://www.lostgolfballs.com.au/media/catalog/product/t/a/taylormade_golf_balls_1_1_1.jpg,,TaylorMade,Sporting Goods > Outdoor Recreation > Golf > Golf Balls,Golf Balls > TaylorMade,Grade:AAAA/Near Mint Grade,AAAA/Near Mint Grade,
2308-260-3853,2308,50 Taylormade Golf Balls AAA/Standard Grade,Save Money On 50 Mixed Taylormade Golf Balls. Best Value and Quality From Lost Golf Balls. Fast Shipping.,in stock,used_good,59.99 AUD,,50 Balls,https://www.lostgolfballs.com.au/50-mixed-taylormade-golf-balls-3458.html,https://www.lostgolfballs.com.au/media/catalog/product/t/a/taylormade_golf_balls_1_1_1.jpg,,TaylorMade,Sporting Goods > Outdoor Recreation > Golf > Golf Balls,Golf Balls > TaylorMade,Grade:AAA/Standard Grade,AAA/Standard Grade,
2308-260-3854,2308,50 Taylormade Golf Balls AA/C Grade,Save Money On 50 Mixed Taylormade Golf Balls. Best Value and Quality From Lost Golf Balls. Fast Shipping.,in stock,used_fair,38.99 AUD,,50 Balls,https://www.lostgolfballs.com.au/50-mixed-taylormade-golf-balls-3458.html,https://www.lostgolfballs.com.au/media/catalog/product/t/a/taylormade_golf_balls_1_1_1.jpg,,TaylorMade,Sporting Goods > Outdoor Recreation > Golf > Golf Balls,Golf Balls > TaylorMade,Grade:AA/C Grade,AA/C Grade,
2309-261-1291,2309,100 Taylormade Golf Balls AAAAA/Mint Grade,Best Value 100 Mixed Taylormade's Around. Huge Range Of Golf Balls At Amazing Price.,in stock,used_like_new,159.99 AUD,,100 Balls,https://www.lostgolfballs.com.au/100-mixed-taylormade-golf-balls-3399.html,https://www.lostgolfballs.com.au/media/catalog/product/t/a/taylormade_golf_balls_1_1_1_1.jpg,,TaylorMade,Sporting Goods > Outdoor Recreation > Golf > Golf Balls,Golf Balls > TaylorMade,Grade:AAAAA/Mint Grade,AAAAA/Mint Grade,
2309-261-1728,2309,100 Taylormade Golf Balls AAAA/Near Mint Grade,Best Value 100 Mixed Taylormade's Around. Huge Range Of Golf Balls At Amazing Price.,in stock,used_like_new,149.99 AUD,,100 Balls,https://www.lostgolfballs.com.au/100-mixed-taylormade-golf-balls-3399.html,https://www.lostgolfballs.com.au/media/catalog/product/t/a/taylormade_golf_balls_1_1_1_1.jpg,,TaylorMade,Sporting Goods > Outdoor Recreation > Golf > Golf Balls,Golf Balls > TaylorMade,Grade:AAAA/Near Mint Grade,AAAA/Near Mint Grade,
2309-261-1729,2309,100 Taylormade Golf Balls AAA/Standard Grade,Best Value 100 Mixed Taylormade's Around. Huge Range Of Golf Balls At Amazing Price.,in stock,used_good,119.99 AUD,,100 Balls,https://www.lostgolfballs.com.au/100-mixed-taylormade-golf-balls-3399.html,https://www.lostgolfballs.com.au/media/catalog/product/t/a/taylormade_golf_balls_1_1_1_1.jpg,,TaylorMade,Sporting Goods > Outdoor Recreation > Golf > Golf Balls,Golf Balls > TaylorMade,Grade:AAA/Standard Grade,AAA/Standard Grade,
2313-265-1308,2313,Bulk Srixon Golf Balls AAA/Standard Grade - 100 Srixon Golf Balls AAA/Standard Grade,"Huge Savings On Bulk Srixon Golf Balls. Cheap Golf Balls, VERY High Quality From Lost Golf Balls.",in stock,used_good,119.99 AUD,,100 Balls,https://www.lostgolfballs.com.au/bulk-srixon-golf-balls-aaa-standard-grade-3412.html,https://www.lostgolfballs.com.au/media/catalog/product/m/i/mixed_srixon_golf_balls_2_2.jpg,,Srixon,Sporting Goods > Outdoor Recreation > Golf > Golf Balls,Golf Balls > Srixon,Grade:AAA/Standard Grade,AAA/Standard Grade,
2313-265-1747,2313,Bulk Srixon Golf Balls AAA/Standard Grade - 100 Srixon Golf Balls AAA/Standard Grade,"Huge Savings On Bulk Srixon Golf Balls. Cheap Golf Balls, VERY High Quality From Lost Golf Balls.",in stock,used_good,119.99 AUD,,100 Balls,https://www.lostgolfballs.com.au/bulk-srixon-golf-balls-aaa-standard-grade-3412.html,https://www.lostgolfballs.com.au/media/catalog/product/m/i/mixed_srixon_golf_balls_2_2.jpg,,Srixon,Sporting Goods > Outdoor Recreation > Golf > Golf Balls,Golf Balls > Srixon,Grade:AAA/Standard Grade,AAA/Standard Grade,
2314-266-4958,2314,50 Srixon Golf Balls AAAAA/Mint Grade,Save Money On 50 Mixed Srixon Golf Balls. Best Value and Quality From Lost Golf Balls. Fast Shipping.,in stock,used_like_new,59.99 AUD,,50 Balls,https://www.lostgolfballs.com.au/mixed-srixon-golf-balls.html,https://www.lostgolfballs.com.au/media/catalog/product/m/i/mixed_srixon_golf_balls_4.jpg,,Srixon,Sporting Goods > Outdoor Recreation > Golf > Golf Balls,Golf Balls > Srixon,Grade:AAAAA/Mint Grade,AAAAA/Mint Grade,
2314-266-4957,2314,50 Srixon Golf Balls AAAA/Near Mint Grade,Save Money On 50 Mixed Srixon Golf Balls. Best Value and Quality From Lost Golf Balls. Fast Shipping.,in stock,used_like_new,54.99 AUD,,50 Balls,https://www.lostgolfballs.com.au/mixed-srixon-golf-balls.html,https://www.lostgolfballs.com.au/media/catalog/product/m/i/mixed_srixon_golf_balls_4.jpg,,Srixon,Sporting Goods > Outdoor Recreation > Golf > Golf Balls,Golf Balls > Srixon,Grade:AAAA/Near Mint Grade,AAAA/Near Mint Grade,
2314-266-1313,2314,50 Srixon Golf Balls AAA/Standard Grade,Save Money On 50 Mixed Srixon Golf Balls. Best Value and Quality From Lost Golf Balls. Fast Shipping.,in stock,used_good,49.99 AUD,,50 Balls,https://www.lostgolfballs.com.au/mixed-srixon-golf-balls.html,https://www.lostgolfballs.com.au/media/catalog/product/m/i/mixed_srixon_golf_balls_4.jpg,,Srixon,Sporting Goods > Outdoor Recreation > Golf > Golf Balls,Golf Balls > Srixon,Grade:AAA/Standard Grade,AAA/Standard Grade,
2316-268-1318,,100 Practice Grade Callaway Golf Balls,Callaway Practice Golf Balls - Save Huge Dollars With Lost Golf Balls. Order By 2pm - Same Day Dispatch. Best Quality Golf Balls With Great Service.,in stock,used_fair,54.99 AUD,,100 Balls,https://www.lostgolfballs.com.au/callaway-practice-golf-balls-b.html,https://www.lostgolfballs.com.au/media/catalog/product/u/s/used_callaway_golf_balls_2_1_1_2.jpg,,Callaway,Sporting Goods > Outdoor Recreation > Golf > Golf Balls,Golf Balls > Callaway,,Practice,
2318-270-1325,2318,50 Srixon Soft Feel AAAA/Near Mint Grade,Best Value 50 Srixson Soft Feel 's In Australia. Buy Now and save $$$ with Lost Golf Balls!,in stock,used_like_new,79.99 AUD,,50 Balls,https://www.lostgolfballs.com.au/srixon-soft-feel-50.html,https://www.lostgolfballs.com.au/media/catalog/product/c/h/cheap_srixon_soft_feel_golf_balls_2_1.jpg,,Srixon,Sporting Goods > Outdoor Recreation > Golf > Golf Balls,Golf Balls > Srixon,Grade:AAAA/Near Mint Grade,AAAA/Near Mint Grade,
2318-270-1323,2318,50 Srixon Soft Feel AAA/Standard Grade,Best Value 50 Srixson Soft Feel 's In Australia. Buy Now and save $$$ with Lost Golf Balls!,in stock,used_good,79.99 AUD,,50 Balls,https://www.lostgolfballs.com.au/srixon-soft-feel-50.html,https://www.lostgolfballs.com.au/media/catalog/product/c/h/cheap_srixon_soft_feel_golf_balls_2_1.jpg,,Srixon,Sporting Goods > Outdoor Recreation > Golf > Golf Balls,Golf Balls > Srixon,Grade:AAA/Standard Grade,AAA/Standard Grade,
2318-270-4626,2318,50 Srixon Soft Feel AA/C Grade,Best Value 50 Srixson Soft Feel 's In Australia. Buy Now and save $$$ with Lost Golf Balls!,in stock,used_fair,44.99 AUD,,50 Balls,https://www.lostgolfballs.com.au/srixon-soft-feel-50.html,https://www.lostgolfballs.com.au/media/catalog/product/c/h/cheap_srixon_soft_feel_golf_balls_2_1.jpg,,Srixon,Sporting Goods > Outdoor Recreation > Golf > Golf Balls,Golf Balls > Srixon,Grade:AA/C Grade,AA/C Grade,
2348-297-1449,2348,12 Srixon Soft Feel AAAAA/Mint Grade,Best Value Srixon Soft Feel's In Australia. Buy Now and save $$$ with Lost Golf Balls!,in stock,used_like_new,24.99 AUD,,12 Balls,https://www.lostgolfballs.com.au/srixon-soft-feel-3566.html,https://www.lostgolfballs.com.au/media/catalog/product/c/h/cheap_srixon_soft_feel_golf_balls_2_1_1.jpg,,Srixon,Sporting Goods > Outdoor Recreation > Golf > Golf Balls,Golf Balls > Srixon,Grade:AAAAA/Mint Grade,AAAAA/Mint Grade,
2348-297-1450,2348,12 Srixon Soft Feel AAAA/Near Mint Grade,Best Value Srixon Soft Feel's In Australia. Buy Now and save $$$ with Lost Golf Balls!,in stock,used_like_new,22.99 AUD,,12 Balls,https://www.lostgolfballs.com.au/srixon-soft-feel-3566.html,https://www.lostgolfballs.com.au/media/catalog/product/c/h/cheap_srixon_soft_feel_golf_balls_2_1_1.jpg,,Srixon,Sporting Goods > Outdoor Recreation > Golf > Golf Balls,Golf Balls > Srixon,Grade:AAAA/Near Mint Grade,AAAA/Near Mint Grade,
2373-322-1598,2373,100 Practice Grade Titleist Golf Balls,"Practice With Your Favourite Golf Ball For Less! This is a random mix of all Titleist golf balls. The balls are mainly A and AA grade and will show signs of use. All balls will have scuffs, scratches and possibly pen or logo marks. Some balls may be discoloured however no balls will be out of shape or cracked. These Titleist practice balls are great for hitting around in the park and refining your game. There may be some balls in here which will be ok for a round however generally these will be good for practice only Mix will be a random assortment of DT SoLo, DT Carry, DT Roll, NXT, NXT Extreme, NXT Tour, Tour Prestige, Tour Distance and others. Depending on what stock we have on hand you may get all of these models or just a one or two of them, it really depends on what we have in stock. Postage is a flate rate of $8.50 on these orders regardless of how many practice balls you purchase!",in stock,used_fair,64.99 AUD,,100 Balls,https://www.lostgolfballs.com.au/titleist-practice-golf-balls-b.html,https://www.lostgolfballs.com.au/media/catalog/product/t/i/titleist_practice_grade_golf_balls_1_3_1_1.jpg,,Titleist,Sporting Goods > Outdoor Recreation > Golf > Golf Balls,Golf Balls > Titleist,Grade:Practice,Practice,
2373-322-1599,2373,50 Practice Grade Titleist Golf Balls,"Practice With Your Favourite Golf Ball For Less! This is a random mix of all Titleist golf balls. The balls are mainly A and AA grade and will show signs of use. All balls will have scuffs, scratches and possibly pen or logo marks. Some balls may be discoloured however no balls will be out of shape or cracked. These Titleist practice balls are great for hitting around in the park and refining your game. There may be some balls in here which will be ok for a round however generally these will be good for practice only Mix will be a random assortment of DT SoLo, DT Carry, DT Roll, NXT, NXT Extreme, NXT Tour, Tour Prestige, Tour Distance and others. Depending on what stock we have on hand you may get all of these models or just a one or two of them, it really depends on what we have in stock. Postage is a flate rate of $8.50 on these orders regardless of how many practice balls you purchase!",in stock,used_fair,32.99 AUD,,50 Balls,https://www.lostgolfballs.com.au/titleist-practice-golf-balls-b.html,https://www.lostgolfballs.com.au/media/catalog/product/t/i/titleist_practice_grade_golf_balls_1_3_1_1.jpg,,Titleist,Sporting Goods > Outdoor Recreation > Golf > Golf Balls,Golf Balls > Titleist,Grade:Practice,Practice,
2375-324-1606,2375,Mixed Titleist Golf Balls - 12 Titleist Golf Balls AAAAA/Mint,Huge Value In Used Titleist Golf Balls! Titleist are the number 1 name in golf balls a they stand at the pinnacle of the game. Titleist golf balls are used extensively on all the professional tours and players using Titleist balls routinely win the majors. The research and development that goes into these balls is second to none and it's for that reason that they remain the number 1 ball in golf. These items are a random mix of your favourite Titleist golf balls (the mix does not include Pro V1 and Pro V1X and NXT Tour/NXT Tour S. All of these balls have been hand graded twice to ensure quality and represent amazing value. Titleist golf balls retail for anywhere from $30 - $45 a dozen in the pro shops. Grab these while you can!,in stock,used_like_new,24.99 AUD,,12 Balls,https://www.lostgolfballs.com.au/mixed-titleist-golf-balls-b.html,https://www.lostgolfballs.com.au/media/catalog/product/t/i/titleist_practice_grade_golf_balls_1_3_1_3.jpg,,Titleist,Sporting Goods > Outdoor Recreation > Golf > Golf Balls,Golf Balls > Titleist,Grade:AAAAA/Mint,AAAAA/Mint,
2375-324-1607,2375,Mixed Titleist Golf Balls - 12 Titleist Golf Balls AAAA/Near Mint,Huge Value In Used Titleist Golf Balls! Titleist are the number 1 name in golf balls a they stand at the pinnacle of the game. Titleist golf balls are used extensively on all the professional tours and players using Titleist balls routinely win the majors. The research and development that goes into these balls is second to none and it's for that reason that they remain the number 1 ball in golf. These items are a random mix of your favourite Titleist golf balls (the mix does not include Pro V1 and Pro V1X and NXT Tour/NXT Tour S. All of these balls have been hand graded twice to ensure quality and represent amazing value. Titleist golf balls retail for anywhere from $30 - $45 a dozen in the pro shops. Grab these while you can!,in stock,used_like_new,19.99 AUD,,12 Balls,https://www.lostgolfballs.com.au/mixed-titleist-golf-balls-b.html,https://www.lostgolfballs.com.au/media/catalog/product/t/i/titleist_practice_grade_golf_balls_1_3_1_3.jpg,,Titleist,Sporting Goods > Outdoor Recreation > Golf > Golf Balls,Golf Balls > Titleist,Grade:AAAA/Near Mint,AAAA/Near Mint,
2375-324-1608,2375,Mixed Titleist Golf Balls - 50 Titleist Golf Balls AAAA/Near Mint Grade,Huge Value In Used Titleist Golf Balls! Titleist are the number 1 name in golf balls a they stand at the pinnacle of the game. Titleist golf balls are used extensively on all the professional tours and players using Titleist balls routinely win the majors. The research and development that goes into these balls is second to none and it's for that reason that they remain the number 1 ball in golf. These items are a random mix of your favourite Titleist golf balls (the mix does not include Pro V1 and Pro V1X and NXT Tour/NXT Tour S. All of these balls have been hand graded twice to ensure quality and represent amazing value. Titleist golf balls retail for anywhere from $30 - $45 a dozen in the pro shops. Grab these while you can!,in stock,used_like_new,84.99 AUD,,50 Balls,https://www.lostgolfballs.com.au/mixed-titleist-golf-balls-b.html,https://www.lostgolfballs.com.au/media/catalog/product/t/i/titleist_practice_grade_golf_balls_1_3_1_3.jpg,,Titleist,Sporting Goods > Outdoor Recreation > Golf > Golf Balls,Golf Balls > Titleist,Grade:AAAA/Near Mint Grade,AAAA/Near Mint Grade,
2375-324-1613,2375,Mixed Titleist Golf Balls - 50 Titleist Golf Balls AAA/Standard Grade,Huge Value In Used Titleist Golf Balls! Titleist are the number 1 name in golf balls a they stand at the pinnacle of the game. Titleist golf balls are used extensively on all the professional tours and players using Titleist balls routinely win the majors. The research and development that goes into these balls is second to none and it's for that reason that they remain the number 1 ball in golf. These items are a random mix of your favourite Titleist golf balls (the mix does not include Pro V1 and Pro V1X and NXT Tour/NXT Tour S. All of these balls have been hand graded twice to ensure quality and represent amazing value. Titleist golf balls retail for anywhere from $30 - $45 a dozen in the pro shops. Grab these while you can!,in stock,used_good,69.99 AUD,,50 Balls,https://www.lostgolfballs.com.au/mixed-titleist-golf-balls-b.html,https://www.lostgolfballs.com.au/media/catalog/product/t/i/titleist_practice_grade_golf_balls_1_3_1_3.jpg,,Titleist,Sporting Goods > Outdoor Recreation > Golf > Golf Balls,Golf Balls > Titleist,Grade:AAA/Standard Grade,AAA/Standard Grade,
2378-325-1809,,12 Callaway Chrome Soft Truvis Yellow AA/C Grade,"Huge Savings On Callaway Chrome Soft Truvis Yellow Golf Balls. Cheap Golf Balls, VERY High Quality From Lost Golf Balls.",in stock,used_fair,13.99 AUD,,12 Balls,https://www.lostgolfballs.com.au/12-callaway-chrome-soft-truvis-yellow.html,https://www.lostgolfballs.com.au/media/catalog/product/c/h/chrome_soft_truvis_yellow_1_2.jpg,,Callaway,Sporting Goods > Outdoor Recreation > Golf > Golf Balls,Golf Balls > Callaway,,AA/C Grade,
2393-326-1624,,100 Mixed Colour Golf Balls Mint/Near Mint Grade,"100 Colour Golf Balls at sharp pricing! Mix of yellow, orange, pink, and other colours. Free tees with every order from Lost Golf Balls.",in stock,used_like_new,109.99 AUD,,100 Balls,https://www.lostgolfballs.com.au/100-colour-golf-balls-b.html,https://www.lostgolfballs.com.au/media/catalog/product/_/e/_e7eac33ee77ae1d671555094ab5a3402f81b00b5698e5e1a22_pimgpsh_fullsize_distr_3.jpg,,Lost Golf Balls,Sporting Goods > Outdoor Recreation > Golf > Golf Balls,Golf Balls > Lost Golf Balls,,Mixed,
2394-327-1629,,50 Mixed Colour Golf Balls Practice Grade,Colour golf balls at an attractive price. Free Tees with every order. Simply the best quality at Lost Golf Balls!,in stock,used_fair,23.99 AUD,,50 Balls,https://www.lostgolfballs.com.au/50-colour-golf-balls-b.html,https://www.lostgolfballs.com.au/media/catalog/product/_/e/_e7eac33ee77ae1d671555094ab5a3402f81b00b5698e5e1a22_pimgpsh_fullsize_distr_3_1.jpg,,Lost Golf Balls,Sporting Goods > Outdoor Recreation > Golf > Golf Balls,Golf Balls > Lost Golf Balls,,Mixed,
2411-329-1649,,12 2018 Titleist Pro V1 AAAAA/Mint Grade,"The 2018 Titleist Pro V1 - The most advanced, best performing ball ever made with a ""Titleist"" stamp Titleist Pro V1's are currently selling in pro shop's for $75+ per dozen. Save big by purchasing from Lost Golf Balls. These current model 2018 Titlest Pro V1's are to quote from Titleist, ""the most advanced, best performing golf balls ever stamped with the Titleist script. Precisely engineered using the most sophisticated golf ball technology, new Pro V1 provide total performance for every player and deliver unmatched quality and consistency."" The longest Pro V1 ever, they deliver lower long game spin with a re-engineered Next Generation 2.0 ZG Process Core. The new spherically tiled 352 tetrahedral dimple design produces a hugely penetrating trajectory with even more consistent flight. Greenside spin is maintained which creates a longer shot distance with huge grip and control around the greens. The list of golfers using the 2018 Titleist Pro V1 reads like a who's who of golf. Join Adam Scott, Henrik Stenson, Ricki Fowler, Paul Casey, Charl Schwartzel, Kevin Kisner and play the most popular line of golf balls in the game today. Isn't time you played the best ball? Basic information of the 2018 Pro V1 - Urethane Elastomer cover for Drop-and-Stop greenside control - 3 piece construction - Next Generation 2.0 ZG Process Core - Tetrahedral 352 dimple design - Alignment Integrated Marking - Polybutadiene core",in stock,used_like_new,49.99 AUD,,12 Balls,https://www.lostgolfballs.com.au/titleist-pro-v1-2018.html,https://www.lostgolfballs.com.au/media/catalog/product/2/0/2017_titleist_pro_v1.png,,Titleist,Sporting Goods > Outdoor Recreation > Golf > Golf Balls,Golf Balls > Titleist,,AAAAA/Mint Grade,
2423-332-1662,2423,12 2018 Titleist Pro V1x AAAA/Near Mint Grade,"The 2018 Titleist Pro V1x - The most advanced, best performing ball ever made with a ""Titleist"" stamp Titleist Pro V1x's are currently selling in pro shop's for $75+ per dozen. Save big by purchasing from Lost Golf Balls These 2018 Titlest Pro V1x's are to quote from Titleist, ""the most advanced, best performing golf balls ever stamped with the Titleist script. Precisely engineered using the most sophisticated golf ball technology, new Pro V1 provide total performance for every player and deliver unmatched quality and consistency."" The new Pro V1x delivers a high trajectory with extraordinary distance. The ZG Process Dual Core, is enhanced by a new spherically tiled 328 tetrahedral dimple design which creates the most consistent ball flight ever. Greenside spin is maintained which creates a longer, more consistent shot distance with grip and control around the greens. The list of golfers using the 2017 Titleist Pro V1 reads like a who's who of golf. Join Jordan Speith, Justin Thomas, Louis Oosthuizen, Charley Hoffman, Ian Poulter, Cameron Smith and many others and play the most popular line of golf balls in the game today. Isn't time you played the best ball? Basic information of the 2018 Pro V1x: - Urethane Elastomer cover for Drop-and-Stop greenside control - 4 piece construction - ZG Process Dual Core - Spherically tiled 328 tetrahedral dimple design - Alignment Integrated Marking - Polybutadiene core",in stock,used_like_new,42.99 AUD,,12 Balls,https://www.lostgolfballs.com.au/titleist-pro-v1x-2018.html,https://www.lostgolfballs.com.au/media/catalog/product/2/0/2017_titleist_pro_v1x.png,,Titleist,Sporting Goods > Outdoor Recreation > Golf > Golf Balls,Golf Balls > Titleist,Grade:AAAA/Near Mint Grade,AAAA/Near Mint Grade,
2423-332-1663,2423,12 2018 Titleist Pro V1x AAA/Standard Grade,"The 2018 Titleist Pro V1x - The most advanced, best performing ball ever made with a ""Titleist"" stamp Titleist Pro V1x's are currently selling in pro shop's for $75+ per dozen. Save big by purchasing from Lost Golf Balls These 2018 Titlest Pro V1x's are to quote from Titleist, ""the most advanced, best performing golf balls ever stamped with the Titleist script. Precisely engineered using the most sophisticated golf ball technology, new Pro V1 provide total performance for every player and deliver unmatched quality and consistency."" The new Pro V1x delivers a high trajectory with extraordinary distance. The ZG Process Dual Core, is enhanced by a new spherically tiled 328 tetrahedral dimple design which creates the most consistent ball flight ever. Greenside spin is maintained which creates a longer, more consistent shot distance with grip and control around the greens. The list of golfers using the 2017 Titleist Pro V1 reads like a who's who of golf. Join Jordan Speith, Justin Thomas, Louis Oosthuizen, Charley Hoffman, Ian Poulter, Cameron Smith and many others and play the most popular line of golf balls in the game today. Isn't time you played the best ball? Basic information of the 2018 Pro V1x: - Urethane Elastomer cover for Drop-and-Stop greenside control - 4 piece construction - ZG Process Dual Core - Spherically tiled 328 tetrahedral dimple design - Alignment Integrated Marking - Polybutadiene core",in stock,used_good,34.99 AUD,,12 Balls,https://www.lostgolfballs.com.au/titleist-pro-v1x-2018.html,https://www.lostgolfballs.com.au/media/catalog/product/2/0/2017_titleist_pro_v1x.png,,Titleist,Sporting Goods > Outdoor Recreation > Golf > Golf Balls,Golf Balls > Titleist,Grade:AAA/Standard Grade,AAA/Standard Grade,
2423-332-2630,2423,2018 Titleist Pro V1x AAAA/Near Mint Grade - 50 Balls,"The 2018 Titleist Pro V1x - The most advanced, best performing ball ever made with a ""Titleist"" stamp Titleist Pro V1x's are currently selling in pro shop's for $75+ per dozen. Save big by purchasing from Lost Golf Balls These 2018 Titlest Pro V1x's are to quote from Titleist, ""the most advanced, best performing golf balls ever stamped with the Titleist script. Precisely engineered using the most sophisticated golf ball technology, new Pro V1 provide total performance for every player and deliver unmatched quality and consistency."" The new Pro V1x delivers a high trajectory with extraordinary distance. The ZG Process Dual Core, is enhanced by a new spherically tiled 328 tetrahedral dimple design which creates the most consistent ball flight ever. Greenside spin is maintained which creates a longer, more consistent shot distance with grip and control around the greens. The list of golfers using the 2017 Titleist Pro V1 reads like a who's who of golf. Join Jordan Speith, Justin Thomas, Louis Oosthuizen, Charley Hoffman, Ian Poulter, Cameron Smith and many others and play the most popular line of golf balls in the game today. Isn't time you played the best ball? Basic information of the 2018 Pro V1x: - Urethane Elastomer cover for Drop-and-Stop greenside control - 4 piece construction - ZG Process Dual Core - Spherically tiled 328 tetrahedral dimple design - Alignment Integrated Marking - Polybutadiene core",in stock,used_like_new,169.99 AUD,,50 Balls,https://www.lostgolfballs.com.au/titleist-pro-v1x-2018.html,https://www.lostgolfballs.com.au/media/catalog/product/2/0/2017_titleist_pro_v1x.png,,Titleist,Sporting Goods > Outdoor Recreation > Golf > Golf Balls,Golf Balls > Titleist,Grade:AAAA/Near Mint Grade,AAAA/Near Mint Grade,
2423-332-2633,2423,2018 Titleist Pro V1x AAAA/Near Mint Grade - 100 Balls,"The 2018 Titleist Pro V1x - The most advanced, best performing ball ever made with a ""Titleist"" stamp Titleist Pro V1x's are currently selling in pro shop's for $75+ per dozen. Save big by purchasing from Lost Golf Balls These 2018 Titlest Pro V1x's are to quote from Titleist, ""the most advanced, best performing golf balls ever stamped with the Titleist script. Precisely engineered using the most sophisticated golf ball technology, new Pro V1 provide total performance for every player and deliver unmatched quality and consistency."" The new Pro V1x delivers a high trajectory with extraordinary distance. The ZG Process Dual Core, is enhanced by a new spherically tiled 328 tetrahedral dimple design which creates the most consistent ball flight ever. Greenside spin is maintained which creates a longer, more consistent shot distance with grip and control around the greens. The list of golfers using the 2017 Titleist Pro V1 reads like a who's who of golf. Join Jordan Speith, Justin Thomas, Louis Oosthuizen, Charley Hoffman, Ian Poulter, Cameron Smith and many others and play the most popular line of golf balls in the game today. Isn't time you played the best ball? Basic information of the 2018 Pro V1x: - Urethane Elastomer cover for Drop-and-Stop greenside control - 4 piece construction - ZG Process Dual Core - Spherically tiled 328 tetrahedral dimple design - Alignment Integrated Marking - Polybutadiene core",in stock,used_like_new,344.99 AUD,,100 Balls,https://www.lostgolfballs.com.au/titleist-pro-v1x-2018.html,https://www.lostgolfballs.com.au/media/catalog/product/2/0/2017_titleist_pro_v1x.png,,Titleist,Sporting Goods > Outdoor Recreation > Golf > Golf Balls,Golf Balls > Titleist,Grade:AAAA/Near Mint Grade,AAAA/Near Mint Grade,
2431-334-5000,2431,12 Taylormade TP5 AAAAA/Mint Grade,Taylormade TP5 Golf Balls On Sale! Save Huge Money Buy Purchasing From Lost Golf Balls!,in stock,used_like_new,38.99 AUD,,12 Balls,https://www.lostgolfballs.com.au/taylormade-tp5-12-b.html,https://www.lostgolfballs.com.au/media/catalog/product/t/a/taylormade_tp5.jpeg,,TaylorMade,Sporting Goods > Outdoor Recreation > Golf > Golf Balls,Golf Balls > TaylorMade,Grade:AAAAA/Mint Grade,AAAAA/Mint Grade,
2431-334-4653,2431,12 Taylormade TP5 AAAA/Near Mint Grade,Taylormade TP5 Golf Balls On Sale! Save Huge Money Buy Purchasing From Lost Golf Balls!,in stock,used_like_new,34.99 AUD,,12 Balls,https://www.lostgolfballs.com.au/taylormade-tp5-12-b.html,https://www.lostgolfballs.com.au/media/catalog/product/t/a/taylormade_tp5.jpeg,,TaylorMade,Sporting Goods > Outdoor Recreation > Golf > Golf Balls,Golf Balls > TaylorMade,Grade:AAAA/Near Mint Grade,AAAA/Near Mint Grade,
2431-334-2727,2431,12 Taylormade TP5 AAA/Standard Grade,Taylormade TP5 Golf Balls On Sale! Save Huge Money Buy Purchasing From Lost Golf Balls!,in stock,used_good,28.99 AUD,,12 Balls,https://www.lostgolfballs.com.au/taylormade-tp5-12-b.html,https://www.lostgolfballs.com.au/media/catalog/product/t/a/taylormade_tp5.jpeg,,TaylorMade,Sporting Goods > Outdoor Recreation > Golf > Golf Balls,Golf Balls > TaylorMade,Grade:AAA/Standard Grade,AAA/Standard Grade,
2436-336-4647,2436,12 Taylormade TP5x AAAAA/Mint Grade,Taylormade TP5X Golf Balls On Sale! Save Huge Money Buy Purchasing From Lost Golf Balls!,in stock,used_like_new,39.99 AUD,,12 Balls,https://www.lostgolfballs.com.au/taylormade-tp5x-12-b.html,https://www.lostgolfballs.com.au/media/catalog/product/t/a/taylormade_tp5x.jpg,,TaylorMade,Sporting Goods > Outdoor Recreation > Golf > Golf Balls,Golf Balls > TaylorMade,Grade:AAAAA/Mint Grade,AAAAA/Mint Grade,
2436-336-4648,2436,12 Taylormade TP5x AAAA/Near Mint Grade,Taylormade TP5X Golf Balls On Sale! Save Huge Money Buy Purchasing From Lost Golf Balls!,in stock,used_like_new,36.99 AUD,,12 Balls,https://www.lostgolfballs.com.au/taylormade-tp5x-12-b.html,https://www.lostgolfballs.com.au/media/catalog/product/t/a/taylormade_tp5x.jpg,,TaylorMade,Sporting Goods > Outdoor Recreation > Golf > Golf Balls,Golf Balls > TaylorMade,Grade:AAAA/Near Mint Grade,AAAA/Near Mint Grade,
2436-336-2762,2436,12 Taylormade TP5x AAA/Standard Grade,Taylormade TP5X Golf Balls On Sale! Save Huge Money Buy Purchasing From Lost Golf Balls!,in stock,used_good,31.99 AUD,,12 Balls,https://www.lostgolfballs.com.au/taylormade-tp5x-12-b.html,https://www.lostgolfballs.com.au/media/catalog/product/t/a/taylormade_tp5x.jpg,,TaylorMade,Sporting Goods > Outdoor Recreation > Golf > Golf Balls,Golf Balls > TaylorMade,Grade:AAA/Standard Grade,AAA/Standard Grade,
2436-336-4603,2436,12 Taylormade TP5x AA/C Grade,Taylormade TP5X Golf Balls On Sale! Save Huge Money Buy Purchasing From Lost Golf Balls!,in stock,used_fair,21.99 AUD,,12 Balls,https://www.lostgolfballs.com.au/taylormade-tp5x-12-b.html,https://www.lostgolfballs.com.au/media/catalog/product/t/a/taylormade_tp5x.jpg,,TaylorMade,Sporting Goods > Outdoor Recreation > Golf > Golf Balls,Golf Balls > TaylorMade,Grade:AA/C Grade,AA/C Grade,
2535-347-1783,2535,50 Volvik Colour Golf Balls AAAAA/Mint Grade,Cheap Volvik Golf Balls! Save serious money with Lost Golf Balls.,in stock,used_like_new,99.99 AUD,,50 Balls,https://www.lostgolfballs.com.au/50-volvik-golf-balls.html,https://www.lostgolfballs.com.au/media/catalog/product/v/o/volvik_coloured_balls_1.jpg,,Volvik,Sporting Goods > Outdoor Recreation > Golf > Golf Balls,Golf Balls > Volvik,Grade:AAAAA/Mint Grade,AAAAA/Mint Grade,
2535-347-1784,2535,50 Volvik Colour Golf Balls AAAA/Near Mint Grade,Cheap Volvik Golf Balls! Save serious money with Lost Golf Balls.,in stock,used_like_new,89.99 AUD,,50 Balls,https://www.lostgolfballs.com.au/50-volvik-golf-balls.html,https://www.lostgolfballs.com.au/media/catalog/product/v/o/volvik_coloured_balls_1.jpg,,Volvik,Sporting Goods > Outdoor Recreation > Golf > Golf Balls,Golf Balls > Volvik,Grade:AAAA/Near Mint Grade,AAAA/Near Mint Grade,
2535-347-1785,2535,50 Volvik Colour Golf Balls AAA/Standard Grade,Cheap Volvik Golf Balls! Save serious money with Lost Golf Balls.,in stock,used_good,74.99 AUD,,50 Balls,https://www.lostgolfballs.com.au/50-volvik-golf-balls.html,https://www.lostgolfballs.com.au/media/catalog/product/v/o/volvik_coloured_balls_1.jpg,,Volvik,Sporting Goods > Outdoor Recreation > Golf > Golf Balls,Golf Balls > Volvik,Grade:AAA/Standard Grade,AAA/Standard Grade,
2552-348-1799,2552,12 Srixon Soft Feel Yellow AAAAA/Mint Grade,Best Value Srixon Soft Feel's In Australia. Buy Now and save $$$ with Lost Golf Balls!,in stock,used_like_new,21.99 AUD,,12 Balls,https://www.lostgolfballs.com.au/srixon-soft-feel-yellow.html,https://www.lostgolfballs.com.au/media/catalog/product/s/r/srixon_soft_feel_yellow.png,,Srixon,Sporting Goods > Outdoor Recreation > Golf > Golf Balls,Golf Balls > Srixon,Grade:AAAAA/Mint Grade,AAAAA/Mint Grade,
2552-348-1800,2552,12 Srixon Soft Feel Yellow AAAA/Near Mint Grade,Best Value Srixon Soft Feel's In Australia. Buy Now and save $$$ with Lost Golf Balls!,in stock,used_like_new,19.99 AUD,,12 Balls,https://www.lostgolfballs.com.au/srixon-soft-feel-yellow.html,https://www.lostgolfballs.com.au/media/catalog/product/s/r/srixon_soft_feel_yellow.png,,Srixon,Sporting Goods > Outdoor Recreation > Golf > Golf Balls,Golf Balls > Srixon,Grade:AAAA/Near Mint Grade,AAAA/Near Mint Grade,
2552-348-1801,2552,12 Srixon Soft Feel Yellow AAA/Standard Grade,Best Value Srixon Soft Feel's In Australia. Buy Now and save $$$ with Lost Golf Balls!,in stock,used_good,16.99 AUD,,12 Balls,https://www.lostgolfballs.com.au/srixon-soft-feel-yellow.html,https://www.lostgolfballs.com.au/media/catalog/product/s/r/srixon_soft_feel_yellow.png,,Srixon,Sporting Goods > Outdoor Recreation > Golf > Golf Balls,Golf Balls > Srixon,Grade:AAA/Standard Grade,AAA/Standard Grade,
2556-349-1805,2556,12 Callaway Supersoft Multi AAAAA/Mint Grade,Save huge $$$ on Callaway Supersoft Multicolour Golf Balls. Used Callaway Supersoft And Many Other Cheap Golf Balls Are Available From Lost Golf Balls!,in stock,used_like_new,27.99 AUD,,12 Balls,https://www.lostgolfballs.com.au/callaway-supersoft-multi.html,https://www.lostgolfballs.com.au/media/catalog/product/c/a/callaway_supersoft_multicolour.jpg,,Callaway,Sporting Goods > Outdoor Recreation > Golf > Golf Balls,Golf Balls > Callaway,Grade:AAAAA/Mint Grade,AAAAA/Mint Grade,
2556-349-3592,2556,50 Callaway Supersoft Multi AAAAA/Mint Grade,Save huge $$$ on Callaway Supersoft Multicolour Golf Balls. Used Callaway Supersoft And Many Other Cheap Golf Balls Are Available From Lost Golf Balls!,in stock,used_like_new,104.99 AUD,,50 Balls,https://www.lostgolfballs.com.au/callaway-supersoft-multi.html,https://www.lostgolfballs.com.au/media/catalog/product/c/a/callaway_supersoft_multicolour.jpg,,Callaway,Sporting Goods > Outdoor Recreation > Golf > Golf Balls,Golf Balls > Callaway,Grade:AAAAA/Mint Grade,AAAAA/Mint Grade,
2556-349-3593,2556,50 Callaway Supersoft Multi AAAA/Near Mint Grade,Save huge $$$ on Callaway Supersoft Multicolour Golf Balls. Used Callaway Supersoft And Many Other Cheap Golf Balls Are Available From Lost Golf Balls!,in stock,used_like_new,94.99 AUD,,50 Balls,https://www.lostgolfballs.com.au/callaway-supersoft-multi.html,https://www.lostgolfballs.com.au/media/catalog/product/c/a/callaway_supersoft_multicolour.jpg,,Callaway,Sporting Goods > Outdoor Recreation > Golf > Golf Balls,Golf Balls > Callaway,Grade:AAAA/Near Mint Grade,AAAA/Near Mint Grade,
2556-349-3596,2556,50 Callaway Supersoft Multi AAA/Standard Grade,Save huge $$$ on Callaway Supersoft Multicolour Golf Balls. Used Callaway Supersoft And Many Other Cheap Golf Balls Are Available From Lost Golf Balls!,in stock,used_good,89.99 AUD,,50 Balls,https://www.lostgolfballs.com.au/callaway-supersoft-multi.html,https://www.lostgolfballs.com.au/media/catalog/product/c/a/callaway_supersoft_multicolour.jpg,,Callaway,Sporting Goods > Outdoor Recreation > Golf > Golf Balls,Golf Balls > Callaway,Grade:AAA/Standard Grade,AAA/Standard Grade,
2556-349-3594,2556,100 Callaway Supersoft Multi AAAAA/Mint Grade,Save huge $$$ on Callaway Supersoft Multicolour Golf Balls. Used Callaway Supersoft And Many Other Cheap Golf Balls Are Available From Lost Golf Balls!,in stock,used_like_new,209.99 AUD,,100 Balls,https://www.lostgolfballs.com.au/callaway-supersoft-multi.html,https://www.lostgolfballs.com.au/media/catalog/product/c/a/callaway_supersoft_multicolour.jpg,,Callaway,Sporting Goods > Outdoor Recreation > Golf > Golf Balls,Golf Balls > Callaway,Grade:AAAAA/Mint Grade,AAAAA/Mint Grade,
2563-350-1815,,12 Titleist DT TruSoft AAA/Standard Grade,"Save $$$ On Titleist DT TruSoft Golf Balls. Incredible Quality, Fast Shipping.",in stock,used_good,15.99 AUD,,12 Balls,https://www.lostgolfballs.com.au/titleist-dt-trusoft.html,https://www.lostgolfballs.com.au/media/catalog/product/t/i/titleist_dt_trusoft_white_1_2.jpg,,Titleist,Sporting Goods > Outdoor Recreation > Golf > Golf Balls,Golf Balls > Titleist,,AAA/Standard Grade,
2759-364-1933,2759,50 Titleist Golf Balls AAAA/Near Mint Grade,Huge Value In Used Titleist Golf Balls! Titleist are the number 1 name in golf balls a they stand at the pinnacle of the game. Titleist golf balls are used extensively on all the professional tours and players using Titleist balls routinely win the majors. The research and development that goes into these balls is second to none and it's for that reason that they remain the number 1 ball in golf. These items are a random mix of your favourite Titleist golf balls (the mix does not include Pro V1 and Pro V1X and NXT Tour/NXT Tour S. All of these balls have been hand graded twice to ensure quality and represent amazing value. Titleist golf balls retail for anywhere from $30 - $45 a dozen in the pro shops. Grab these while you can!,in stock,used_like_new,84.99 AUD,,50 Balls,https://www.lostgolfballs.com.au/mixed-titleist-golf-balls-50.html,https://www.lostgolfballs.com.au/media/catalog/product/t/i/titleist_practice_grade_golf_balls_1_3_1_3_2.jpg,,Titleist,Sporting Goods > Outdoor Recreation > Golf > Golf Balls,Golf Balls > Titleist,Grade:AAAA/Near Mint Grade,AAAA/Near Mint Grade,
2759-364-2102,2759,50 Titleist Golf Balls AAA/Standard Grade,Huge Value In Used Titleist Golf Balls! Titleist are the number 1 name in golf balls a they stand at the pinnacle of the game. Titleist golf balls are used extensively on all the professional tours and players using Titleist balls routinely win the majors. The research and development that goes into these balls is second to none and it's for that reason that they remain the number 1 ball in golf. These items are a random mix of your favourite Titleist golf balls (the mix does not include Pro V1 and Pro V1X and NXT Tour/NXT Tour S. All of these balls have been hand graded twice to ensure quality and represent amazing value. Titleist golf balls retail for anywhere from $30 - $45 a dozen in the pro shops. Grab these while you can!,in stock,used_good,69.99 AUD,,50 Balls,https://www.lostgolfballs.com.au/mixed-titleist-golf-balls-50.html,https://www.lostgolfballs.com.au/media/catalog/product/t/i/titleist_practice_grade_golf_balls_1_3_1_3_2.jpg,,Titleist,Sporting Goods > Outdoor Recreation > Golf > Golf Balls,Golf Balls > Titleist,Grade:AAA/Standard Grade,AAA/Standard Grade,
2766-365-1949,2766,50 Callaway Supersoft Multi AAAAA/Mint Grade,Save huge $$$ on Callaway Supersoft Multicolour Golf Balls. Used Callaway Supersoft And Many Other Cheap Golf Balls Are Available From Lost Golf Balls!,in stock,used_like_new,104.99 AUD,,50 Balls,https://www.lostgolfballs.com.au/callaway-supersoft-multicolour-50.html,https://www.lostgolfballs.com.au/media/catalog/product/c/a/callaway_supersoft_multicolour_4.jpg,,Callaway,Sporting Goods > Outdoor Recreation > Golf > Golf Balls,Golf Balls > Callaway,Grade:AAAAA/Mint Grade,AAAAA/Mint Grade,
2766-365-1950,2766,50 Callaway Supersoft Multi AAAA/Near Mint Grade,Save huge $$$ on Callaway Supersoft Multicolour Golf Balls. Used Callaway Supersoft And Many Other Cheap Golf Balls Are Available From Lost Golf Balls!,in stock,used_like_new,94.99 AUD,,50 Balls,https://www.lostgolfballs.com.au/callaway-supersoft-multicolour-50.html,https://www.lostgolfballs.com.au/media/catalog/product/c/a/callaway_supersoft_multicolour_4.jpg,,Callaway,Sporting Goods > Outdoor Recreation > Golf > Golf Balls,Golf Balls > Callaway,Grade:AAAA/Near Mint Grade,AAAA/Near Mint Grade,
2766-365-1951,2766,50 Callaway Supersoft Multi AAA/Standard Grade,Save huge $$$ on Callaway Supersoft Multicolour Golf Balls. Used Callaway Supersoft And Many Other Cheap Golf Balls Are Available From Lost Golf Balls!,in stock,used_good,89.99 AUD,,50 Balls,https://www.lostgolfballs.com.au/callaway-supersoft-multicolour-50.html,https://www.lostgolfballs.com.au/media/catalog/product/c/a/callaway_supersoft_multicolour_4.jpg,,Callaway,Sporting Goods > Outdoor Recreation > Golf > Golf Balls,Golf Balls > Callaway,Grade:AAA/Standard Grade,AAA/Standard Grade,
2785-369-4934,2785,12 Callaway Chrome Soft X Mint/Near Mint Grade,Huge Savings On Callaway Chrome Soft X Golf Balls. Best Value and Quality From Lost Golf Balls. Fast Shipping.,in stock,used_like_new,39.99 AUD,,12 Balls,https://www.lostgolfballs.com.au/callaway-chrome-soft-x.html,https://www.lostgolfballs.com.au/media/catalog/product/c/a/callaway_chrome_soft_x.jpg,,Callaway,Sporting Goods > Outdoor Recreation > Golf > Golf Balls,Golf Balls > Callaway,Grade:12 Callaway Chrome Soft X Mint/Near Mint Grade,12 Callaway Chrome Soft X Mint/Near Mint Grade,
2785-369-1992,2785,12 Callaway Chrome Soft X AAA/Standard Grade,Huge Savings On Callaway Chrome Soft X Golf Balls. Best Value and Quality From Lost Golf Balls. Fast Shipping.,in stock,used_good,24.99 AUD,,12 Balls,https://www.lostgolfballs.com.au/callaway-chrome-soft-x.html,https://www.lostgolfballs.com.au/media/catalog/product/c/a/callaway_chrome_soft_x.jpg,,Callaway,Sporting Goods > Outdoor Recreation > Golf > Golf Balls,Golf Balls > Callaway,Grade:AAA/Standard Grade,AAA/Standard Grade,
3727-378-2077,3727,12 Titleist Tour Soft AAAAA/Mint Grade,"Titleist Tour Soft Golf Balls On Sale! Order by 2pm - Same Day Dispatch. Free Tees With Every Order. Incredible Quality, Fast Shipping From Lost Golf Balls.",in stock,used_like_new,33.99 AUD,,12 Balls,https://www.lostgolfballs.com.au/titleist-tour-soft.html,https://www.lostgolfballs.com.au/media/catalog/product/t/i/titleist_tour_soft_1.jpg,,Titleist,Sporting Goods > Outdoor Recreation > Golf > Golf Balls,Golf Balls > Titleist,Grade:AAAAA/Mint Grade,AAAAA/Mint Grade,
3727-378-2078,3727,12 Titleist Tour Soft AAAA/Near Mint Grade,"Titleist Tour Soft Golf Balls On Sale! Order by 2pm - Same Day Dispatch. Free Tees With Every Order. Incredible Quality, Fast Shipping From Lost Golf Balls.",in stock,used_like_new,26.99 AUD,,12 Balls,https://www.lostgolfballs.com.au/titleist-tour-soft.html,https://www.lostgolfballs.com.au/media/catalog/product/t/i/titleist_tour_soft_1.jpg,,Titleist,Sporting Goods > Outdoor Recreation > Golf > Golf Balls,Golf Balls > Titleist,Grade:AAAA/Near Mint Grade,AAAA/Near Mint Grade,
3727-378-2079,3727,12 Titleist Tour Soft AAA/Standard Grade,"Titleist Tour Soft Golf Balls On Sale! Order by 2pm - Same Day Dispatch. Free Tees With Every Order. Incredible Quality, Fast Shipping From Lost Golf Balls.",in stock,used_good,22.99 AUD,,12 Balls,https://www.lostgolfballs.com.au/titleist-tour-soft.html,https://www.lostgolfballs.com.au/media/catalog/product/t/i/titleist_tour_soft_1.jpg,,Titleist,Sporting Goods > Outdoor Recreation > Golf > Golf Balls,Golf Balls > Titleist,Grade:AAA/Standard Grade,AAA/Standard Grade,
3732-380-4932,,12 Bridgestone Tour B XS AAAAA/Mint Grade,Save Huge Dollars on Bridgestone Tour B XS Golf Balls! Incredibly Fast Shipping. Order by 2pm - Same Day Dispatch.,in stock,used_like_new,34.99 AUD,,12 Balls,https://www.lostgolfballs.com.au/bridgestone-b-xs.html,https://www.lostgolfballs.com.au/media/catalog/product/b/r/bridgestone_tour_b_xs_golf_balls.png,,Bridgestone,Sporting Goods > Outdoor Recreation > Golf > Golf Balls,Golf Balls > Bridgestone,,AAAAA/Mint Grade,
3745-381-2150,,2018 Titleist Pro V1x AAAA/Near Mint Grade - 50 Balls,Save Huge Dollars On 2018 Titleist Pro V1x Golf Balls! Free Tees With Every Order. Order By 2pm - Same Day Dispatch.,in stock,used_like_new,169.99 AUD,,50 Balls,https://www.lostgolfballs.com.au/titleist-pro-v1x-2018-50.html,https://www.lostgolfballs.com.au/media/catalog/product/2/0/2017_titleist_pro_v1x_2.png,,Titleist,Sporting Goods > Outdoor Recreation > Golf > Golf Balls,Golf Balls > Titleist,,AAAA/Near Mint Grade,
3746-382-2158,,2018 Titleist Pro V1x AAAA/Near Mint Grade - 100 Balls,Save Huge Dollars On 2018 Titleist Pro V1x Golf Balls! Free Tees With Every Order. Order By 2pm - Same Day Dispatch.,in stock,used_like_new,344.99 AUD,,100 Balls,https://www.lostgolfballs.com.au/titleist-pro-v1x-2018-100.html,https://www.lostgolfballs.com.au/media/catalog/product/2/0/2017_titleist_pro_v1x_2_1.png,,Titleist,Sporting Goods > Outdoor Recreation > Golf > Golf Balls,Golf Balls > Titleist,,AAAA/Near Mint Grade,
3747-383-2164,3747,12 Bridgestone e6 Soft AAAAA/Mint Grade,Best Value E6 Soft's In Australia. Order By 2pm - Same Day Dispatch. Save Money With Lost Golf Balls.,in stock,used_like_new,24.99 AUD,,12 Balls,https://www.lostgolfballs.com.au/bridgestone-e6-soft.html,https://www.lostgolfballs.com.au/media/catalog/product/b/r/bridgestone_e6_soft.png,,Bridgestone,Sporting Goods > Outdoor Recreation > Golf > Golf Balls,Golf Balls > Bridgestone,Grade:AAAAA/Mint Grade,AAAAA/Mint Grade,
3747-383-2165,3747,12 Bridgestone e6 Soft AAAA/Near Mint Grade,Best Value E6 Soft's In Australia. Order By 2pm - Same Day Dispatch. Save Money With Lost Golf Balls.,in stock,used_like_new,21.99 AUD,,12 Balls,https://www.lostgolfballs.com.au/bridgestone-e6-soft.html,https://www.lostgolfballs.com.au/media/catalog/product/b/r/bridgestone_e6_soft.png,,Bridgestone,Sporting Goods > Outdoor Recreation > Golf > Golf Balls,Golf Balls > Bridgestone,Grade:AAAA/Near Mint Grade,AAAA/Near Mint Grade,
3747-383-2166,3747,12 Bridgestone e6 Soft AAA/Standard Grade,Best Value E6 Soft's In Australia. Order By 2pm - Same Day Dispatch. Save Money With Lost Golf Balls.,in stock,used_good,17.49 AUD,,12 Balls,https://www.lostgolfballs.com.au/bridgestone-e6-soft.html,https://www.lostgolfballs.com.au/media/catalog/product/b/r/bridgestone_e6_soft.png,,Bridgestone,Sporting Goods > Outdoor Recreation > Golf > Golf Balls,Golf Balls > Bridgestone,Grade:AAA/Standard Grade,AAA/Standard Grade,
3753-384-2286,3753,12 Titleist Tour Soft Yellow AAAAA/Mint Grade,"Titleist Tour Soft Yellow Golf Balls On Sale! Order by 2pm - Same Day Dispatch. Free Tees With Every Order. Incredible Quality, Fast Shipping From Lost Golf Balls.",in stock,used_like_new,34.99 AUD,,12 Balls,https://www.lostgolfballs.com.au/titleist-tour-soft-yellow.html,https://www.lostgolfballs.com.au/media/catalog/product/t/i/titleist_tour_soft_yellow.jpg,,Titleist,Sporting Goods > Outdoor Recreation > Golf > Golf Balls,Golf Balls > Titleist,Grade:AAAAA/Mint Grade,AAAAA/Mint Grade,
3753-384-2287,3753,12 Titleist Tour Soft Yellow AAAA/Near Mint Grade,"Titleist Tour Soft Yellow Golf Balls On Sale! Order by 2pm - Same Day Dispatch. Free Tees With Every Order. Incredible Quality, Fast Shipping From Lost Golf Balls.",in stock,used_like_new,28.99 AUD,,12 Balls,https://www.lostgolfballs.com.au/titleist-tour-soft-yellow.html,https://www.lostgolfballs.com.au/media/catalog/product/t/i/titleist_tour_soft_yellow.jpg,,Titleist,Sporting Goods > Outdoor Recreation > Golf > Golf Balls,Golf Balls > Titleist,Grade:AAAA/Near Mint Grade,AAAA/Near Mint Grade,
3753-384-2288,3753,12 Titleist Tour Soft Yellow AAA/Standard Grade,"Titleist Tour Soft Yellow Golf Balls On Sale! Order by 2pm - Same Day Dispatch. Free Tees With Every Order. Incredible Quality, Fast Shipping From Lost Golf Balls.",in stock,used_good,26.99 AUD,,12 Balls,https://www.lostgolfballs.com.au/titleist-tour-soft-yellow.html,https://www.lostgolfballs.com.au/media/catalog/product/t/i/titleist_tour_soft_yellow.jpg,,Titleist,Sporting Goods > Outdoor Recreation > Golf > Golf Balls,Golf Balls > Titleist,Grade:AAA/Standard Grade,AAA/Standard Grade,
3757-385-2294,3757,12 Titleist AVX AAA/Standard Grade,"Titleist AVX Golf Balls, Save Huge Dollars! Order by 2pm - Same Day Dispatch. Free Tees With Every Order. Incredible Quality, Fast Shipping From Lost Golf Balls.",in stock,used_good,34.99 AUD,,12 Balls,https://www.lostgolfballs.com.au/titleist-avx.html,https://www.lostgolfballs.com.au/media/catalog/product/t/i/titleist_avx.jpg,,Titleist,Sporting Goods > Outdoor Recreation > Golf > Golf Balls,Golf Balls > Titleist,Grade:AAA/Standard Grade,AAA/Standard Grade,
3757-385-2948,3757,12 Titleist AVX AA/C Grade,"Titleist AVX Golf Balls, Save Huge Dollars! Order by 2pm - Same Day Dispatch. Free Tees With Every Order. Incredible Quality, Fast Shipping From Lost Golf Balls.",in stock,used_fair,14.99 AUD,,12 Balls,https://www.lostgolfballs.com.au/titleist-avx.html,https://www.lostgolfballs.com.au/media/catalog/product/t/i/titleist_avx.jpg,,Titleist,Sporting Goods > Outdoor Recreation > Golf > Golf Balls,Golf Balls > Titleist,Grade:AA/C Grade,AA/C Grade,
3783-387-4634,3783,12 Titleist AVX Yellow AAAAA/Mint Grade,"Titleist AVX Golf Balls, Save Huge Dollars! Order by 2pm - Same Day Dispatch. Free Tees With Every Order. Incredible Quality, Fast Shipping From Lost Golf Balls.",in stock,used_like_new,49.99 AUD,,12 Balls,https://www.lostgolfballs.com.au/titleist-avx-yellow.html,https://www.lostgolfballs.com.au/media/catalog/product/t/i/titleist_avx_yellow.png,,Titleist,Sporting Goods > Outdoor Recreation > Golf > Golf Balls,Golf Balls > Titleist,Grade:AAAAA/Mint Grade,AAAAA/Mint Grade,
3783-387-2331,3783,12 Titleist AVX Yellow AAAA/Near Mint Grade,"Titleist AVX Golf Balls, Save Huge Dollars! Order by 2pm - Same Day Dispatch. Free Tees With Every Order. Incredible Quality, Fast Shipping From Lost Golf Balls.",in stock,used_like_new,44.99 AUD,,12 Balls,https://www.lostgolfballs.com.au/titleist-avx-yellow.html,https://www.lostgolfballs.com.au/media/catalog/product/t/i/titleist_avx_yellow.png,,Titleist,Sporting Goods > Outdoor Recreation > Golf > Golf Balls,Golf Balls > Titleist,Grade:AAAA/Near Mint Grade,AAAA/Near Mint Grade,
3783-387-2332,3783,12 Titleist AVX Yellow AAA/Standard Grade,"Titleist AVX Golf Balls, Save Huge Dollars! Order by 2pm - Same Day Dispatch. Free Tees With Every Order. Incredible Quality, Fast Shipping From Lost Golf Balls.",in stock,used_good,36.99 AUD,,12 Balls,https://www.lostgolfballs.com.au/titleist-avx-yellow.html,https://www.lostgolfballs.com.au/media/catalog/product/t/i/titleist_avx_yellow.png,,Titleist,Sporting Goods > Outdoor Recreation > Golf > Golf Balls,Golf Balls > Titleist,Grade:AAA/Standard Grade,AAA/Standard Grade,
3786-388-2351,3786,12 Bridgestone Tour B RXS AAAA/Near Mint Grade,Order Bridgestone Tour B RXS By 2pm - Same Day Dispatch. Save Huge Dollars on Bridgestone Tour B RXS From Lost Golf Balls!,in stock,used_like_new,39.99 AUD,,12 Balls,https://www.lostgolfballs.com.au/bridgestone-b-rxs.html,https://www.lostgolfballs.com.au/media/catalog/product/1/_/1._bridgestone_tour_b_rxs.jpeg,,Bridgestone,Sporting Goods > Outdoor Recreation > Golf > Golf Balls,Golf Balls > Bridgestone,Grade:AAAA/Near Mint Grade,AAAA/Near Mint Grade,
3786-388-2350,3786,12 Bridgestone Tour B RXS AAA/Standard Grade,Order Bridgestone Tour B RXS By 2pm - Same Day Dispatch. Save Huge Dollars on Bridgestone Tour B RXS From Lost Golf Balls!,in stock,used_good,34.99 AUD,,12 Balls,https://www.lostgolfballs.com.au/bridgestone-b-rxs.html,https://www.lostgolfballs.com.au/media/catalog/product/1/_/1._bridgestone_tour_b_rxs.jpeg,,Bridgestone,Sporting Goods > Outdoor Recreation > Golf > Golf Balls,Golf Balls > Bridgestone,Grade:AAA/Standard Grade,AAA/Standard Grade,
3786-388-2393,3786,12 Bridgestone Tour B RXS AA/C Grade,Order Bridgestone Tour B RXS By 2pm - Same Day Dispatch. Save Huge Dollars on Bridgestone Tour B RXS From Lost Golf Balls!,in stock,used_fair,24.99 AUD,,12 Balls,https://www.lostgolfballs.com.au/bridgestone-b-rxs.html,https://www.lostgolfballs.com.au/media/catalog/product/1/_/1._bridgestone_tour_b_rxs.jpeg,,Bridgestone,Sporting Goods > Outdoor Recreation > Golf > Golf Balls,Golf Balls > Bridgestone,Grade:AA/C Grade,AA/C Grade,
3799-390-5085,3799,50 Bridgestone Treo Soft AAAAA/Mint Grade,Huge Savings On 50 Bridgestone TreoSoft Golf Balls. Order By 2pm - Same Day Dispatch. VERY High Quality From Lost Golf Balls.,in stock,used_like_new,69.99 AUD,,50 Balls,https://www.lostgolfballs.com.au/treosoft-50.html,https://www.lostgolfballs.com.au/media/catalog/product/b/r/bridgestone_treosoft_golf_balls_3.jpg,,Bridgestone,Sporting Goods > Outdoor Recreation > Golf > Golf Balls,Golf Balls > Bridgestone,Grade:AAAAA/Mint Grade,AAAAA/Mint Grade,
3799-390-5086,3799,50 Bridgestone Treo Soft AAAA/Near Mint Grade,Huge Savings On 50 Bridgestone TreoSoft Golf Balls. Order By 2pm - Same Day Dispatch. VERY High Quality From Lost Golf Balls.,in stock,used_like_new,74.99 AUD,,50 Balls,https://www.lostgolfballs.com.au/treosoft-50.html,https://www.lostgolfballs.com.au/media/catalog/product/b/r/bridgestone_treosoft_golf_balls_3.jpg,,Bridgestone,Sporting Goods > Outdoor Recreation > Golf > Golf Balls,Golf Balls > Bridgestone,Grade:AAAA/Near Mint Grade,AAAA/Near Mint Grade,
3799-390-5084,3799,50 Bridgestone Treo Soft AAA/Standard Grade,Huge Savings On 50 Bridgestone TreoSoft Golf Balls. Order By 2pm - Same Day Dispatch. VERY High Quality From Lost Golf Balls.,in stock,used_good,49.99 AUD,,50 Balls,https://www.lostgolfballs.com.au/treosoft-50.html,https://www.lostgolfballs.com.au/media/catalog/product/b/r/bridgestone_treosoft_golf_balls_3.jpg,,Bridgestone,Sporting Goods > Outdoor Recreation > Golf > Golf Balls,Golf Balls > Bridgestone,Grade:AAA/Standard Grade,AAA/Standard Grade,
3803-391-2408,3803,12 Bridgestone e6 Speed AAAA/Near Mint Grade,Huge Savings On Bridgestone E6 Speed. Order By 2pm - Same Day Dispatch. Save Money With Lost Golf Balls.,in stock,used_like_new,19.99 AUD,,12 Balls,https://www.lostgolfballs.com.au/bridgestone-e6-speed.html,https://www.lostgolfballs.com.au/media/catalog/product/b/r/bridgestone_e6_speed.png,,Bridgestone,Sporting Goods > Outdoor Recreation > Golf > Golf Balls,Golf Balls > Bridgestone,Grade:AAAA/Near Mint Grade,AAAA/Near Mint Grade,
3803-391-2407,3803,12 Bridgestone e6 Speed AAA/Standard Grade,Huge Savings On Bridgestone E6 Speed. Order By 2pm - Same Day Dispatch. Save Money With Lost Golf Balls.,in stock,used_good,14.99 AUD,,12 Balls,https://www.lostgolfballs.com.au/bridgestone-e6-speed.html,https://www.lostgolfballs.com.au/media/catalog/product/b/r/bridgestone_e6_speed.png,,Bridgestone,Sporting Goods > Outdoor Recreation > Golf > Golf Balls,Golf Balls > Bridgestone,Grade:AAA/Standard Grade,AAA/Standard Grade,
3803-391-3522,3803,50 Bridgestone e6 Speed AAA/Standard Grade,Huge Savings On Bridgestone E6 Speed. Order By 2pm - Same Day Dispatch. Save Money With Lost Golf Balls.,in stock,used_good,74.99 AUD,,50 Balls,https://www.lostgolfballs.com.au/bridgestone-e6-speed.html,https://www.lostgolfballs.com.au/media/catalog/product/b/r/bridgestone_e6_speed.png,,Bridgestone,Sporting Goods > Outdoor Recreation > Golf > Golf Balls,Golf Balls > Bridgestone,Grade:AAA/Standard Grade,AAA/Standard Grade,
3803-391-3525,3803,100 Bridgestone E6 Speed AAA/Standard Grade,Huge Savings On Bridgestone E6 Speed. Order By 2pm - Same Day Dispatch. Save Money With Lost Golf Balls.,in stock,used_good,119.99 AUD,,100 Balls,https://www.lostgolfballs.com.au/bridgestone-e6-speed.html,https://www.lostgolfballs.com.au/media/catalog/product/b/r/bridgestone_e6_speed.png,,Bridgestone,Sporting Goods > Outdoor Recreation > Golf > Golf Balls,Golf Balls > Bridgestone,Grade:AAA/Standard Grade,AAA/Standard Grade,
3807-392-2422,3807,12 Srixon Z Star Yellow AAAAA/Mint Grade,"Huge Savings On Srixon Z Star Yellow Golf Balls. Cheap Yellow Golf Balls, VERY High Quality From Lost Golf Balls.",in stock,used_like_new,37.99 AUD,,12 Balls,https://www.lostgolfballs.com.au/srixon-z-star-yellow-4764.html,https://www.lostgolfballs.com.au/media/catalog/product/s/r/srixon_star_yellow-golf_balls_2_2.jpg,,Srixon,Sporting Goods > Outdoor Recreation > Golf > Golf Balls,Golf Balls > Srixon,Grade:AAAAA/Mint Grade,AAAAA/Mint Grade,
3807-392-2420,3807,12 Srixon Z Star Yellow AAAA/Near Mint Grade,"Huge Savings On Srixon Z Star Yellow Golf Balls. Cheap Yellow Golf Balls, VERY High Quality From Lost Golf Balls.",in stock,used_like_new,34.99 AUD,,12 Balls,https://www.lostgolfballs.com.au/srixon-z-star-yellow-4764.html,https://www.lostgolfballs.com.au/media/catalog/product/s/r/srixon_star_yellow-golf_balls_2_2.jpg,,Srixon,Sporting Goods > Outdoor Recreation > Golf > Golf Balls,Golf Balls > Srixon,Grade:AAAA/Near Mint Grade,AAAA/Near Mint Grade,
3834-397-2508,3834,12 Callaway Chrome Soft Truvis Mix AAAAA/Mint Grade,Save Money On Mixed Colours Callaway Chrome Soft Truvis Golf Balls. Best Value and Quality From Lost Golf Balls. Fast Shipping.,in stock,used_like_new,38.99 AUD,,12 Balls,https://www.lostgolfballs.com.au/12-callaway-chrome-soft-truvis-mix.html,https://www.lostgolfballs.com.au/media/catalog/product/c/a/callaway_chrome_soft_truvis_mixed_colours.jpg,,Callaway,Sporting Goods > Outdoor Recreation > Golf > Golf Balls,Golf Balls > Callaway,Grade:AAAAA/Mint Grade,AAAAA/Mint Grade,
3834-397-2507,3834,12 Callaway Chrome Soft Truvis Mix AAAA/Near Mint Grade,Save Money On Mixed Colours Callaway Chrome Soft Truvis Golf Balls. Best Value and Quality From Lost Golf Balls. Fast Shipping.,in stock,used_like_new,34.99 AUD,,12 Balls,https://www.lostgolfballs.com.au/12-callaway-chrome-soft-truvis-mix.html,https://www.lostgolfballs.com.au/media/catalog/product/c/a/callaway_chrome_soft_truvis_mixed_colours.jpg,,Callaway,Sporting Goods > Outdoor Recreation > Golf > Golf Balls,Golf Balls > Callaway,Grade:AAAA/Near Mint Grade,AAAA/Near Mint Grade,
3834-397-2506,3834,12 Callaway Chrome Soft Truvis Mix AAA/Standard Grade,Save Money On Mixed Colours Callaway Chrome Soft Truvis Golf Balls. Best Value and Quality From Lost Golf Balls. Fast Shipping.,in stock,used_good,28.99 AUD,,12 Balls,https://www.lostgolfballs.com.au/12-callaway-chrome-soft-truvis-mix.html,https://www.lostgolfballs.com.au/media/catalog/product/c/a/callaway_chrome_soft_truvis_mixed_colours.jpg,,Callaway,Sporting Goods > Outdoor Recreation > Golf > Golf Balls,Golf Balls > Callaway,Grade:AAA/Standard Grade,AAA/Standard Grade,
3834-397-3782,3834,12 Callaway Chrome Soft Truvis Mix AA/C Grade,Save Money On Mixed Colours Callaway Chrome Soft Truvis Golf Balls. Best Value and Quality From Lost Golf Balls. Fast Shipping.,in stock,used_fair,15.99 AUD,,12 Balls,https://www.lostgolfballs.com.au/12-callaway-chrome-soft-truvis-mix.html,https://www.lostgolfballs.com.au/media/catalog/product/c/a/callaway_chrome_soft_truvis_mixed_colours.jpg,,Callaway,Sporting Goods > Outdoor Recreation > Golf > Golf Balls,Golf Balls > Callaway,Grade:AA/C Grade,AA/C Grade,
3839-399-3706,3839,12 Callaway ERC Soft AAAAA/Mint Grade,Callaway ERC Soft Golf Balls - Huge Savings! Order by 2pm for Same Day Dispatch. Save huge dollars from Lost Golf Balls.,in stock,used_like_new,37.99 AUD,,12 Balls,https://www.lostgolfballs.com.au/callaway-erc-soft.html,https://www.lostgolfballs.com.au/media/catalog/product/c/a/callaway_erc_soft.png,,Callaway,Sporting Goods > Outdoor Recreation > Golf > Golf Balls,Golf Balls > Callaway,Grade:AAAAA/Mint Grade,AAAAA/Mint Grade,
3839-399-3707,3839,12 Callaway ERC Soft AAAA/Near Mint Grade,Callaway ERC Soft Golf Balls - Huge Savings! Order by 2pm for Same Day Dispatch. Save huge dollars from Lost Golf Balls.,in stock,used_like_new,34.99 AUD,,12 Balls,https://www.lostgolfballs.com.au/callaway-erc-soft.html,https://www.lostgolfballs.com.au/media/catalog/product/c/a/callaway_erc_soft.png,,Callaway,Sporting Goods > Outdoor Recreation > Golf > Golf Balls,Golf Balls > Callaway,Grade:AAAA/Near Mint Grade,AAAA/Near Mint Grade,
3839-399-2676,3839,12 Callaway ERC Soft AAA/Standard Grade,Callaway ERC Soft Golf Balls - Huge Savings! Order by 2pm for Same Day Dispatch. Save huge dollars from Lost Golf Balls.,in stock,used_good,28.99 AUD,,12 Balls,https://www.lostgolfballs.com.au/callaway-erc-soft.html,https://www.lostgolfballs.com.au/media/catalog/product/c/a/callaway_erc_soft.png,,Callaway,Sporting Goods > Outdoor Recreation > Golf > Golf Balls,Golf Balls > Callaway,Grade:AAA/Standard Grade,AAA/Standard Grade,
3839-399-3708,3839,12 Callaway ERC Soft AA/C Grade,Callaway ERC Soft Golf Balls - Huge Savings! Order by 2pm for Same Day Dispatch. Save huge dollars from Lost Golf Balls.,in stock,used_fair,9.99 AUD,,12 Balls,https://www.lostgolfballs.com.au/callaway-erc-soft.html,https://www.lostgolfballs.com.au/media/catalog/product/c/a/callaway_erc_soft.png,,Callaway,Sporting Goods > Outdoor Recreation > Golf > Golf Balls,Golf Balls > Callaway,Grade:AA/C Grade,AA/C Grade,
3843-400-4492,,12 Titleist Pro V1 Yellow Mint/Near Mint Grade,Save Huge Dollars On Yellow Titleist Pro V1 Golf Balls. Order by 2pm - Same Day Dispatch. Best Value Golf Balls From Lost Golf Balls,in stock,used_like_new,49.99 AUD,,12 Balls,https://www.lostgolfballs.com.au/titleist-pro-v1-yellow.html,https://www.lostgolfballs.com.au/media/catalog/product/1/_/1._titleist_pro_v1_yellow.png,,Titleist,Sporting Goods > Outdoor Recreation > Golf > Golf Balls,Golf Balls > Titleist,,12 Titleist Pro V1 Yellow Mint/Near Mint Grade,
3844-401-4494,3844,12 Titleist Pro V1x Yellow Mint/Near Mint Grade,Yellow Titleist Pro V1x With Huge Savings! Order by 2pm - Same Day Distpatch. Save Huge $$$ At Lost Golf Balls.,in stock,used_like_new,48.99 AUD,,12 Balls,https://www.lostgolfballs.com.au/titleist-pro-v1x-yellow.html,https://www.lostgolfballs.com.au/media/catalog/product/1/_/1._titleist_pro_v1x_yellow.png,,Titleist,Sporting Goods > Outdoor Recreation > Golf > Golf Balls,Golf Balls > Titleist,Grade:12 Titleist Pro V1x Yellow Mint/Near Mint Grade,12 Titleist Pro V1x Yellow Mint/Near Mint Grade,
3844-401-2943,3844,12 Titleist Pro V1x Yellow AAA/Standard Grade,Yellow Titleist Pro V1x With Huge Savings! Order by 2pm - Same Day Distpatch. Save Huge $$$ At Lost Golf Balls.,in stock,used_good,29.99 AUD,,12 Balls,https://www.lostgolfballs.com.au/titleist-pro-v1x-yellow.html,https://www.lostgolfballs.com.au/media/catalog/product/1/_/1._titleist_pro_v1x_yellow.png,,Titleist,Sporting Goods > Outdoor Recreation > Golf > Golf Balls,Golf Balls > Titleist,Grade:AAA/Standard Grade,AAA/Standard Grade,
3844-401-4495,3844,12 Titleist Pro V1x Yellow AA/C Grade,Yellow Titleist Pro V1x With Huge Savings! Order by 2pm - Same Day Distpatch. Save Huge $$$ At Lost Golf Balls.,in stock,used_fair,20.99 AUD,,12 Balls,https://www.lostgolfballs.com.au/titleist-pro-v1x-yellow.html,https://www.lostgolfballs.com.au/media/catalog/product/1/_/1._titleist_pro_v1x_yellow.png,,Titleist,Sporting Goods > Outdoor Recreation > Golf > Golf Balls,Golf Balls > Titleist,Grade:AA/C Grade,AA/C Grade,
3859-403-4963,3859,50 Callaway Hex Tour Soft Mint/Near Mint Grade,Grab Callaway Hex Tour Soft Golf Balls And Save. Order Before 3pm For Same Day Dispatch. All Orders Get Free Tees!,in stock,used_like_new,64.99 AUD,,50 Balls,https://www.lostgolfballs.com.au/callaway-hex-tour-soft-50.html,https://www.lostgolfballs.com.au/media/catalog/product/c/a/callaway_hex_tour_soft.jpg,,Callaway,Sporting Goods > Outdoor Recreation > Golf > Golf Balls,Golf Balls > Callaway,Grade:50 Callaway Hex Tour Soft Mint/Near Mint Grade,50 Callaway Hex Tour Soft Mint/Near Mint Grade,
3859-403-3793,3859,50 Callaway Hex Tour Soft AAA/Standard Grade,Grab Callaway Hex Tour Soft Golf Balls And Save. Order Before 3pm For Same Day Dispatch. All Orders Get Free Tees!,in stock,used_good,54.99 AUD,,50 Balls,https://www.lostgolfballs.com.au/callaway-hex-tour-soft-50.html,https://www.lostgolfballs.com.au/media/catalog/product/c/a/callaway_hex_tour_soft.jpg,,Callaway,Sporting Goods > Outdoor Recreation > Golf > Golf Balls,Golf Balls > Callaway,Grade:AAA/Standard Grade,AAA/Standard Grade,
3873-406-2689,3873,50 Bridgestone e6 Soft AAAAA/Mint Grade,Best Value on Lots Of 50 E6 Soft's In Australia. Order By 2pm - Same Day Dispatch. Save Money on E6 Soft With Lost Golf Balls!,in stock,used_like_new,99.99 AUD,,50 Balls,https://www.lostgolfballs.com.au/bridgestone-e6-soft-50.html,https://www.lostgolfballs.com.au/media/catalog/product/b/r/bridgestone_e6_soft_4.png,,Bridgestone,Sporting Goods > Outdoor Recreation > Golf > Golf Balls,Golf Balls > Bridgestone,Grade:AAAAA/Mint Grade,AAAAA/Mint Grade,
3873-406-2688,3873,50 Bridgestone e6 Soft AAAA/Near Mint Grade,Best Value on Lots Of 50 E6 Soft's In Australia. Order By 2pm - Same Day Dispatch. Save Money on E6 Soft With Lost Golf Balls!,in stock,used_like_new,79.99 AUD,,50 Balls,https://www.lostgolfballs.com.au/bridgestone-e6-soft-50.html,https://www.lostgolfballs.com.au/media/catalog/product/b/r/bridgestone_e6_soft_4.png,,Bridgestone,Sporting Goods > Outdoor Recreation > Golf > Golf Balls,Golf Balls > Bridgestone,Grade:AAAA/Near Mint Grade,AAAA/Near Mint Grade,
3873-406-2687,3873,50 Bridgestone e6 Soft AAA/Standard Grade,Best Value on Lots Of 50 E6 Soft's In Australia. Order By 2pm - Same Day Dispatch. Save Money on E6 Soft With Lost Golf Balls!,in stock,used_good,74.99 AUD,,50 Balls,https://www.lostgolfballs.com.au/bridgestone-e6-soft-50.html,https://www.lostgolfballs.com.au/media/catalog/product/b/r/bridgestone_e6_soft_4.png,,Bridgestone,Sporting Goods > Outdoor Recreation > Golf > Golf Balls,Golf Balls > Bridgestone,Grade:AAA/Standard Grade,AAA/Standard Grade,
3881-408-5031,3881,50 Bridgestone Golf Balls AAAAA/Mint Grade,Save Huge Dollars on 50 Bridgestone Golf Balls. Best Value and Quality From Lost Golf Balls. Order Before 2pm - Same Day Dispatch!,in stock,used_like_new,64.99 AUD,,50 Balls,https://www.lostgolfballs.com.au/50-bridgestone-mixed-golf-balls.html,https://www.lostgolfballs.com.au/media/catalog/product/b/r/bridgestone_golf_balls.jpg,,Bridgestone,Sporting Goods > Outdoor Recreation > Golf > Golf Balls,Golf Balls > Bridgestone,Grade:AAAAA/Mint Grade,AAAAA/Mint Grade,
3881-408-5030,3881,50 Bridgestone Golf Balls AAAA/Near Mint Grade,Save Huge Dollars on 50 Bridgestone Golf Balls. Best Value and Quality From Lost Golf Balls. Order Before 2pm - Same Day Dispatch!,in stock,used_like_new,54.99 AUD,,50 Balls,https://www.lostgolfballs.com.au/50-bridgestone-mixed-golf-balls.html,https://www.lostgolfballs.com.au/media/catalog/product/b/r/bridgestone_golf_balls.jpg,,Bridgestone,Sporting Goods > Outdoor Recreation > Golf > Golf Balls,Golf Balls > Bridgestone,Grade:AAAA/Near Mint Grade,AAAA/Near Mint Grade,
3881-408-3449,3881,50 Bridgestone Golf Balls AAA/Standard Grade,Save Huge Dollars on 50 Bridgestone Golf Balls. Best Value and Quality From Lost Golf Balls. Order Before 2pm - Same Day Dispatch!,in stock,used_good,49.99 AUD,,50 Balls,https://www.lostgolfballs.com.au/50-bridgestone-mixed-golf-balls.html,https://www.lostgolfballs.com.au/media/catalog/product/b/r/bridgestone_golf_balls.jpg,,Bridgestone,Sporting Goods > Outdoor Recreation > Golf > Golf Balls,Golf Balls > Bridgestone,Grade:AAA/Standard Grade,AAA/Standard Grade,
3881-408-3763,3881,50 Bridgestone Golf Balls AA/C Grade,Save Huge Dollars on 50 Bridgestone Golf Balls. Best Value and Quality From Lost Golf Balls. Order Before 2pm - Same Day Dispatch!,in stock,used_fair,36.99 AUD,,50 Balls,https://www.lostgolfballs.com.au/50-bridgestone-mixed-golf-balls.html,https://www.lostgolfballs.com.au/media/catalog/product/b/r/bridgestone_golf_balls.jpg,,Bridgestone,Sporting Goods > Outdoor Recreation > Golf > Golf Balls,Golf Balls > Bridgestone,Grade:AA/C Grade,AA/C Grade,
3887-409-2718,,50 Premium Pink Golf Balls AAAAA/Mint Grade,Huge Savings On High Quality Pink Golf Balls! Save Serious Money On Your Pink Golf Balls and Buy From Lost Golf Balls Today!,in stock,used_like_new,89.99 AUD,,50 Balls,https://www.lostgolfballs.com.au/premium-brand-pink-mix-50.html,https://www.lostgolfballs.com.au/media/catalog/product/p/i/pink_golf_balls.jpg,,Lost Golf Balls,Sporting Goods > Outdoor Recreation > Golf > Golf Balls,Golf Balls > Lost Golf Balls,,AAAAA/Mint Grade,
3891-410-2756,3891,12 Taylormade TP5 Mint/Near Mint Grade (With Pen Marks),Save Up To 40% Off Our Regular Pricing on Taylormade TP5 and TP5x Golf Balls! Huge Savings From Lost Golf Balls.,in stock,used_like_new,35.99 AUD,,12 Balls,https://www.lostgolfballs.com.au/taylormade-tp5-pen.html,https://www.lostgolfballs.com.au/media/catalog/product/t/a/taylormade_tp5_5.jpeg,,TaylorMade,Sporting Goods > Outdoor Recreation > Golf > Golf Balls,Golf Balls > TaylorMade,Grade:12 Taylormade TP5 Mint/Near Mint Grade (With Pen Marks),12 Taylormade TP5 Mint/Near Mint Grade (With Pen Marks),
3891-410-2757,3891,12 Taylormade TP5 AAA/Standard Grade (With Pen Marks),Save Up To 40% Off Our Regular Pricing on Taylormade TP5 and TP5x Golf Balls! Huge Savings From Lost Golf Balls.,in stock,used_good,26.99 AUD,,12 Balls,https://www.lostgolfballs.com.au/taylormade-tp5-pen.html,https://www.lostgolfballs.com.au/media/catalog/product/t/a/taylormade_tp5_5.jpeg,,TaylorMade,Sporting Goods > Outdoor Recreation > Golf > Golf Balls,Golf Balls > TaylorMade,Grade:AAA/Standard Grade,AAA/Standard Grade,
3893-411-2774,,50 Callaway Chrome Soft X AAA/Standard Grade,Huge Savings On 50 lots of Callaway Chrome Soft X Golf Balls. Order Before 3pm for Same Day Dispatch. Best Value At Lost Golf Balls.,in stock,used_good,129.99 AUD,,50 Balls,https://www.lostgolfballs.com.au/callaway-chrome-soft-x-50.html,https://www.lostgolfballs.com.au/media/catalog/product/c/a/callaway_chrome_soft_x_2.jpg,,Callaway,Sporting Goods > Outdoor Recreation > Golf > Golf Balls,Golf Balls > Callaway,,AAA/Standard Grade,
3895-412-4999,,50 Taylormade TP5 AAA/Standard Grade,Bulk Taylormade TP5 Golf Balls On Sale! Order Before 3pm - Same Day Dispatch. Save Huge Money Buy Purchasing From Lost Golf Balls!,in stock,used_good,139.99 AUD,,50 Balls,https://www.lostgolfballs.com.au/taylormade-tp5-50.html,https://www.lostgolfballs.com.au/media/catalog/product/t/a/taylormade_tp5_6.jpeg,,TaylorMade,Sporting Goods > Outdoor Recreation > Golf > Golf Balls,Golf Balls > TaylorMade,,AAA/Standard Grade,
3896-413-2802,3896,100 Taylormade TP5 AAAAA/Mint Grade,"Save Big On Taylormade TP5 Golf Balls! Best Quality, Huge Savings. Order Before 3pm - Same Day Dispatch. Cheap Taylormade TP5's From Lost Golf Balls!",in stock,used_like_new,389.99 AUD,,100 Balls,https://www.lostgolfballs.com.au/taylormade-tp5-100.html,https://www.lostgolfballs.com.au/media/catalog/product/t/a/taylormade_tp5_6_1.jpeg,,TaylorMade,Sporting Goods > Outdoor Recreation > Golf > Golf Balls,Golf Balls > TaylorMade,Grade:AAAAA/Mint Grade,AAAAA/Mint Grade,
3896-413-2804,3896,100 Taylormade TP5 AAA/Standard Grade,"Save Big On Taylormade TP5 Golf Balls! Best Quality, Huge Savings. Order Before 3pm - Same Day Dispatch. Cheap Taylormade TP5's From Lost Golf Balls!",in stock,used_good,249.99 AUD,,100 Balls,https://www.lostgolfballs.com.au/taylormade-tp5-100.html,https://www.lostgolfballs.com.au/media/catalog/product/t/a/taylormade_tp5_6_1.jpeg,,TaylorMade,Sporting Goods > Outdoor Recreation > Golf > Golf Balls,Golf Balls > TaylorMade,Grade:AAA/Standard Grade,AAA/Standard Grade,
3897-414-5036,3897,50 Taylormade TP5x AAA/Standard Grade,Best Value Taylormade TP5X Golf Balls! Order by 3pm - Same Day Dispatch. Save Massive Dollars Buy Purchasing From Lost Golf Balls!,in stock,used_good,139.99 AUD,,50 Balls,https://www.lostgolfballs.com.au/taylormade-tp5x-50.html,https://www.lostgolfballs.com.au/media/catalog/product/t/a/taylormade_tp5x_2.jpg,,TaylorMade,Sporting Goods > Outdoor Recreation > Golf > Golf Balls,Golf Balls > TaylorMade,Grade:AAA/Standard Grade,AAA/Standard Grade,
3897-414-4560,3897,50 Taylormade TP5x AA/C Grade,Best Value Taylormade TP5X Golf Balls! Order by 3pm - Same Day Dispatch. Save Massive Dollars Buy Purchasing From Lost Golf Balls!,in stock,used_fair,54.99 AUD,,50 Balls,https://www.lostgolfballs.com.au/taylormade-tp5x-50.html,https://www.lostgolfballs.com.au/media/catalog/product/t/a/taylormade_tp5x_2.jpg,,TaylorMade,Sporting Goods > Outdoor Recreation > Golf > Golf Balls,Golf Balls > TaylorMade,Grade:AA/C Grade,AA/C Grade,
3898-415-2819,3898,100 Taylormade TP5x AAA/Standard Grade,Cheap Taylormade TP5X Golf Balls! Buy Bulk and Save! Order by 3pm - Same Day Dispatch. Grab 100 Taylormade TP5x Golf Balls and Save Big Dollars.,in stock,used_good,239.99 AUD,,100 Balls,https://www.lostgolfballs.com.au/taylormade-tp5x-100.html,https://www.lostgolfballs.com.au/media/catalog/product/t/a/taylormade_tp5x_2_1.jpg,,TaylorMade,Sporting Goods > Outdoor Recreation > Golf > Golf Balls,Golf Balls > TaylorMade,Grade:AAA/Standard Grade,AAA/Standard Grade,
3898-415-2820,3898,100 Taylormade TP5x AA/C Grade,Cheap Taylormade TP5X Golf Balls! Buy Bulk and Save! Order by 3pm - Same Day Dispatch. Grab 100 Taylormade TP5x Golf Balls and Save Big Dollars.,in stock,used_fair,139.99 AUD,,100 Balls,https://www.lostgolfballs.com.au/taylormade-tp5x-100.html,https://www.lostgolfballs.com.au/media/catalog/product/t/a/taylormade_tp5x_2_1.jpg,,TaylorMade,Sporting Goods > Outdoor Recreation > Golf > Golf Balls,Golf Balls > TaylorMade,Grade:AA/C Grade,AA/C Grade,
3907-417-2831,,12 Callaway Chrome Soft X Triple Track AA/C Grade,Big Savings On Callaway Chrome Soft X Triple TrackGolf Balls. Order Golf Balls Before 3pm For Same Day Dispatch!,in stock,used_fair,22.99 AUD,,12 Balls,https://www.lostgolfballs.com.au/callaway-chrome-soft-x-triple.html,https://www.lostgolfballs.com.au/media/catalog/product/c/a/callaway_chrome_soft_x_triple_track.png,,Callaway,Sporting Goods > Outdoor Recreation > Golf > Golf Balls,Golf Balls > Callaway,,AA/C Grade,
3909-419-2863,,50 Bridgestone e6 Speed AAA/Standard Grade,Bridgestone E6 Speed Bulk Buys! Order By 2pm - Same Day Dispatch. Save Money With Lost Golf Balls.,in stock,used_good,74.99 AUD,,50 Balls,https://www.lostgolfballs.com.au/bridgestone-e6-speed-50.html,https://www.lostgolfballs.com.au/media/catalog/product/b/r/bridgestone_e6_speed_1.png,,Bridgestone,Sporting Goods > Outdoor Recreation > Golf > Golf Balls,Golf Balls > Bridgestone,,AAA/Standard Grade,
3917-420-2883,3917,12 Mint/Near Mint Grade Practice Titleist Pro V1,Huge savings on Titleist Pro V1 Practice Golf Balls!. Order by 3pm - Same Day Dispatch. Best Value At The Sharpest Price. Free Tees With Every Order.,in stock,used_like_new,34.99 AUD,,12 Balls,https://www.lostgolfballs.com.au/titleist-pro-v1-12-practice.html,https://www.lostgolfballs.com.au/media/catalog/product/t/i/titleist_pro_v1_practice.jpg,,Titleist,Sporting Goods > Outdoor Recreation > Golf > Golf Balls,Golf Balls > Titleist,Grade:Practice,Practice,
3917-420-2882,3917,12 AAA/Standard Grade Practice Titleist Pro V1,Huge savings on Titleist Pro V1 Practice Golf Balls!. Order by 3pm - Same Day Dispatch. Best Value At The Sharpest Price. Free Tees With Every Order.,in stock,used_good,24.99 AUD,,12 Balls,https://www.lostgolfballs.com.au/titleist-pro-v1-12-practice.html,https://www.lostgolfballs.com.au/media/catalog/product/t/i/titleist_pro_v1_practice.jpg,,Titleist,Sporting Goods > Outdoor Recreation > Golf > Golf Balls,Golf Balls > Titleist,Grade:AAA/Standard Grade,AAA/Standard Grade,
3922-421-2897,3922,12 Mint/Near Mint Grade Practice Titleist Pro V1x,Titleist Pro V1x Practice Golf Balls In Mint/Near Mint And AAA/Standard Grade! Practice With Quality Titleist Pro V1x. Order by 3pm - Same Day Dispatch!,in stock,used_like_new,34.99 AUD,,12 Balls,https://www.lostgolfballs.com.au/titleist-pro-v1x-practice.html,https://www.lostgolfballs.com.au/media/catalog/product/t/i/titleist_pro_v1x_practice.jpg,,Titleist,Sporting Goods > Outdoor Recreation > Golf > Golf Balls,Golf Balls > Titleist,Grade:Practice,Practice,
3922-421-2896,3922,12 AAA/Standard Grade Practice Titleist Pro V1x,Titleist Pro V1x Practice Golf Balls In Mint/Near Mint And AAA/Standard Grade! Practice With Quality Titleist Pro V1x. Order by 3pm - Same Day Dispatch!,in stock,used_good,24.99 AUD,,12 Balls,https://www.lostgolfballs.com.au/titleist-pro-v1x-practice.html,https://www.lostgolfballs.com.au/media/catalog/product/t/i/titleist_pro_v1x_practice.jpg,,Titleist,Sporting Goods > Outdoor Recreation > Golf > Golf Balls,Golf Balls > Titleist,Grade:AAA/Standard Grade,AAA/Standard Grade,
3933-422-2907,3933,12 Bridgestone Tour B X AAAAA/Mint Grade,Free Tees With All Bridgestone Tour B X Orders! Order by 2pm - Same Day Dispatch. Save Huge On Tour B X Golf Balls!,in stock,used_like_new,44.99 AUD,,12 Balls,https://www.lostgolfballs.com.au/bridgestone-b-x.html,https://www.lostgolfballs.com.au/media/catalog/product/b/r/bridgestone_tour_bx_golf_balls...jpg,,Bridgestone,Sporting Goods > Outdoor Recreation > Golf > Golf Balls,Golf Balls > Bridgestone,Grade:AAAAA/Mint Grade,AAAAA/Mint Grade,
3933-422-2906,3933,12 Bridgestone Tour B X AAAA/Near Mint Grade,Free Tees With All Bridgestone Tour B X Orders! Order by 2pm - Same Day Dispatch. Save Huge On Tour B X Golf Balls!,in stock,used_like_new,29.99 AUD,,12 Balls,https://www.lostgolfballs.com.au/bridgestone-b-x.html,https://www.lostgolfballs.com.au/media/catalog/product/b/r/bridgestone_tour_bx_golf_balls...jpg,,Bridgestone,Sporting Goods > Outdoor Recreation > Golf > Golf Balls,Golf Balls > Bridgestone,Grade:AAAA/Near Mint Grade,AAAA/Near Mint Grade,
3933-422-2905,3933,12 Bridgestone Tour B X AAA/Standard Grade,Free Tees With All Bridgestone Tour B X Orders! Order by 2pm - Same Day Dispatch. Save Huge On Tour B X Golf Balls!,in stock,used_good,23.99 AUD,,12 Balls,https://www.lostgolfballs.com.au/bridgestone-b-x.html,https://www.lostgolfballs.com.au/media/catalog/product/b/r/bridgestone_tour_bx_golf_balls...jpg,,Bridgestone,Sporting Goods > Outdoor Recreation > Golf > Golf Balls,Golf Balls > Bridgestone,Grade:AAA/Standard Grade,AAA/Standard Grade,
3933-422-2904,3933,12 Bridgestone Tour B X AA/C Grade,Free Tees With All Bridgestone Tour B X Orders! Order by 2pm - Same Day Dispatch. Save Huge On Tour B X Golf Balls!,in stock,used_fair,11.99 AUD,,12 Balls,https://www.lostgolfballs.com.au/bridgestone-b-x.html,https://www.lostgolfballs.com.au/media/catalog/product/b/r/bridgestone_tour_bx_golf_balls...jpg,,Bridgestone,Sporting Goods > Outdoor Recreation > Golf > Golf Balls,Golf Balls > Bridgestone,Grade:AA/C Grade,AA/C Grade,
3934-423-2914,3934,12 Bridgestone Tour B RX AAAA/Near Mint Grade,Order Bridgestone Tour B RX By 2pm - Same Day Dispatch. Free Tees With All Orders. Save Huge Dollars on Bridgestone Tour B RX From Lost Golf Balls!,in stock,used_like_new,34.99 AUD,,12 Balls,https://www.lostgolfballs.com.au/bridgestone-b-rx.html,https://www.lostgolfballs.com.au/media/catalog/product/b/r/bridgestone_tour_b_rx.jpg,,Bridgestone,Sporting Goods > Outdoor Recreation > Golf > Golf Balls,Golf Balls > Bridgestone,Grade:AAAA/Near Mint Grade,AAAA/Near Mint Grade,
3934-423-2912,3934,12 Bridgestone Tour B RX AA/C Grade,Order Bridgestone Tour B RX By 2pm - Same Day Dispatch. Free Tees With All Orders. Save Huge Dollars on Bridgestone Tour B RX From Lost Golf Balls!,in stock,used_fair,19.99 AUD,,12 Balls,https://www.lostgolfballs.com.au/bridgestone-b-rx.html,https://www.lostgolfballs.com.au/media/catalog/product/b/r/bridgestone_tour_b_rx.jpg,,Bridgestone,Sporting Goods > Outdoor Recreation > Golf > Golf Balls,Golf Balls > Bridgestone,Grade:AA/C Grade,AA/C Grade,
3962-425-2933,3962,12 Callaway ERC Soft Yellow AAAAA/Mint Grade,Callaway ERC Soft Yellow Golf Balls - Order by 2pm - Same Day Dispatch! Save Huge Dollars From Lost Golf Balls.,in stock,used_like_new,34.99 AUD,,12 Balls,https://www.lostgolfballs.com.au/callaway-erc-soft-yellow.html,https://www.lostgolfballs.com.au/media/catalog/product/c/a/callaway_erc_soft_yellow.jpg,,Callaway,Sporting Goods > Outdoor Recreation > Golf > Golf Balls,Golf Balls > Callaway,Grade:AAAAA/Mint Grade,AAAAA/Mint Grade,
3962-425-2931,3962,12 Callaway ERC Soft Yellow AAA/Standard Grade,Callaway ERC Soft Yellow Golf Balls - Order by 2pm - Same Day Dispatch! Save Huge Dollars From Lost Golf Balls.,in stock,used_good,24.99 AUD,,12 Balls,https://www.lostgolfballs.com.au/callaway-erc-soft-yellow.html,https://www.lostgolfballs.com.au/media/catalog/product/c/a/callaway_erc_soft_yellow.jpg,,Callaway,Sporting Goods > Outdoor Recreation > Golf > Golf Balls,Golf Balls > Callaway,Grade:AAA/Standard Grade,AAA/Standard Grade,
3962-425-2930,3962,12 Callaway ERC Soft Yellow AA/C Grade,Callaway ERC Soft Yellow Golf Balls - Order by 2pm - Same Day Dispatch! Save Huge Dollars From Lost Golf Balls.,in stock,used_fair,17.99 AUD,,12 Balls,https://www.lostgolfballs.com.au/callaway-erc-soft-yellow.html,https://www.lostgolfballs.com.au/media/catalog/product/c/a/callaway_erc_soft_yellow.jpg,,Callaway,Sporting Goods > Outdoor Recreation > Golf > Golf Balls,Golf Balls > Callaway,Grade:AA/C Grade,AA/C Grade,
3985-428-2998,3985,12 Kirkland Signature Performance Plus AAAAA/Mint Grade,Kirkland Signature Performance Plus Golf Balls! Free Tees With Every Order. Order by 2pm - Same Day Shipping Dispatch. Save on all golf balls from Lost Golf Balls,in stock,used_like_new,24.99 AUD,,12 Balls,https://www.lostgolfballs.com.au/kirkland-signature-performance-plus.html,https://www.lostgolfballs.com.au/media/catalog/product/k/i/kirkland_singature_performance_plus.jpg,,Kirkland,Sporting Goods > Outdoor Recreation > Golf > Golf Balls,Golf Balls > Kirkland,Grade:AAAAA/Mint Grade,AAAAA/Mint Grade,
3985-428-2997,3985,12 Kirkland Signature Performance Plus AAAA/Near Mint Grade,Kirkland Signature Performance Plus Golf Balls! Free Tees With Every Order. Order by 2pm - Same Day Shipping Dispatch. Save on all golf balls from Lost Golf Balls,in stock,used_like_new,21.99 AUD,,12 Balls,https://www.lostgolfballs.com.au/kirkland-signature-performance-plus.html,https://www.lostgolfballs.com.au/media/catalog/product/k/i/kirkland_singature_performance_plus.jpg,,Kirkland,Sporting Goods > Outdoor Recreation > Golf > Golf Balls,Golf Balls > Kirkland,Grade:AAAA/Near Mint Grade,AAAA/Near Mint Grade,
3985-428-2996,3985,12 Kirkland Signature Performance Plus AAA/Standard Grade,Kirkland Signature Performance Plus Golf Balls! Free Tees With Every Order. Order by 2pm - Same Day Shipping Dispatch. Save on all golf balls from Lost Golf Balls,in stock,used_good,19.99 AUD,,12 Balls,https://www.lostgolfballs.com.au/kirkland-signature-performance-plus.html,https://www.lostgolfballs.com.au/media/catalog/product/k/i/kirkland_singature_performance_plus.jpg,,Kirkland,Sporting Goods > Outdoor Recreation > Golf > Golf Balls,Golf Balls > Kirkland,Grade:AAA/Standard Grade,AAA/Standard Grade,
3985-428-3001,3985,50 Kirkland Signature Performance Plus AAAAA/Mint Grade,Kirkland Signature Performance Plus Golf Balls! Free Tees With Every Order. Order by 2pm - Same Day Shipping Dispatch. Save on all golf balls from Lost Golf Balls,in stock,used_like_new,59.99 AUD,,50 Balls,https://www.lostgolfballs.com.au/kirkland-signature-performance-plus.html,https://www.lostgolfballs.com.au/media/catalog/product/k/i/kirkland_singature_performance_plus.jpg,,Kirkland,Sporting Goods > Outdoor Recreation > Golf > Golf Balls,Golf Balls > Kirkland,Grade:AAAAA/Mint Grade,AAAAA/Mint Grade,
3985-428-3000,3985,50 Kirkland Signature Performance Plus AAAA/Near Mint Grade,Kirkland Signature Performance Plus Golf Balls! Free Tees With Every Order. Order by 2pm - Same Day Shipping Dispatch. Save on all golf balls from Lost Golf Balls,in stock,used_like_new,54.99 AUD,,50 Balls,https://www.lostgolfballs.com.au/kirkland-signature-performance-plus.html,https://www.lostgolfballs.com.au/media/catalog/product/k/i/kirkland_singature_performance_plus.jpg,,Kirkland,Sporting Goods > Outdoor Recreation > Golf > Golf Balls,Golf Balls > Kirkland,Grade:AAAA/Near Mint Grade,AAAA/Near Mint Grade,
3985-428-2999,3985,50 Kirkland Signature Performance Plus AAA/Standard Grade,Kirkland Signature Performance Plus Golf Balls! Free Tees With Every Order. Order by 2pm - Same Day Shipping Dispatch. Save on all golf balls from Lost Golf Balls,in stock,used_good,49.99 AUD,,50 Balls,https://www.lostgolfballs.com.au/kirkland-signature-performance-plus.html,https://www.lostgolfballs.com.au/media/catalog/product/k/i/kirkland_singature_performance_plus.jpg,,Kirkland,Sporting Goods > Outdoor Recreation > Golf > Golf Balls,Golf Balls > Kirkland,Grade:AAA/Standard Grade,AAA/Standard Grade,
3985-428-2994,3985,100 Kirkland Signature Performance Plus AAAA/Near Mint Grade,Kirkland Signature Performance Plus Golf Balls! Free Tees With Every Order. Order by 2pm - Same Day Shipping Dispatch. Save on all golf balls from Lost Golf Balls,in stock,used_like_new,174.99 AUD,,100 Balls,https://www.lostgolfballs.com.au/kirkland-signature-performance-plus.html,https://www.lostgolfballs.com.au/media/catalog/product/k/i/kirkland_singature_performance_plus.jpg,,Kirkland,Sporting Goods > Outdoor Recreation > Golf > Golf Balls,Golf Balls > Kirkland,Grade:AAAA/Near Mint Grade,AAAA/Near Mint Grade,
3985-428-2993,3985,100 Kirkland Signature Performance Plus AAA/Standard Grade,Kirkland Signature Performance Plus Golf Balls! Free Tees With Every Order. Order by 2pm - Same Day Shipping Dispatch. Save on all golf balls from Lost Golf Balls,in stock,used_good,149.99 AUD,,100 Balls,https://www.lostgolfballs.com.au/kirkland-signature-performance-plus.html,https://www.lostgolfballs.com.au/media/catalog/product/k/i/kirkland_singature_performance_plus.jpg,,Kirkland,Sporting Goods > Outdoor Recreation > Golf > Golf Balls,Golf Balls > Kirkland,Grade:AAA/Standard Grade,AAA/Standard Grade,
3994-429-3023,3994,12 Snell Golf Balls AAAA/Near Mint Grade,"Snell Golf Balls! TYou've Heard The Buzz, Now Try Them Out! Free Tees With Every Order. Order by 3pm - Same Day Shipping Dispatch. Save on all golf balls from Lost Golf Balls",in stock,used_like_new,34.99 AUD,,12 Balls,https://www.lostgolfballs.com.au/12-snell-golf-balls.html,https://www.lostgolfballs.com.au/media/catalog/product/s/n/snell_golf_balls.jpg,,Snell,Sporting Goods > Outdoor Recreation > Golf > Golf Balls,Golf Balls > Snell,Grade:AAAA/Near Mint Grade,AAAA/Near Mint Grade,
3994-429-3022,3994,12 Snell Golf Balls AAA/Standard Grade,"Snell Golf Balls! TYou've Heard The Buzz, Now Try Them Out! Free Tees With Every Order. Order by 3pm - Same Day Shipping Dispatch. Save on all golf balls from Lost Golf Balls",in stock,used_good,29.99 AUD,,12 Balls,https://www.lostgolfballs.com.au/12-snell-golf-balls.html,https://www.lostgolfballs.com.au/media/catalog/product/s/n/snell_golf_balls.jpg,,Snell,Sporting Goods > Outdoor Recreation > Golf > Golf Balls,Golf Balls > Snell,Grade:AAA/Standard Grade,AAA/Standard Grade,
3995-430-3031,3995,12 Vice Golf Balls AAAA/Near Mint Grade,"Vice Golf Balls! Vice Golf Balls Sell For Up To $66.99 a Dozen, Save Huge Amounts By Purchasing From Lost Golf Balls. Free Tees With Every Order. Order by 3pm - Same Day Shipping Dispatch. Save on all golf balls from Lost Golf Balls",in stock,used_like_new,21.99 AUD,,12 Balls,https://www.lostgolfballs.com.au/12-vice-golf-balls.html,https://www.lostgolfballs.com.au/media/catalog/product/v/i/vice_golf_balls.jpg,,Vice,Sporting Goods > Outdoor Recreation > Golf > Golf Balls,Golf Balls > Vice,Grade:AAAA/Near Mint Grade,AAAA/Near Mint Grade,
3995-430-3030,3995,12 Vice Golf Balls AAA/Standard Grade,"Vice Golf Balls! Vice Golf Balls Sell For Up To $66.99 a Dozen, Save Huge Amounts By Purchasing From Lost Golf Balls. Free Tees With Every Order. Order by 3pm - Same Day Shipping Dispatch. Save on all golf balls from Lost Golf Balls",in stock,used_good,15.99 AUD,,12 Balls,https://www.lostgolfballs.com.au/12-vice-golf-balls.html,https://www.lostgolfballs.com.au/media/catalog/product/v/i/vice_golf_balls.jpg,,Vice,Sporting Goods > Outdoor Recreation > Golf > Golf Balls,Golf Balls > Vice,Grade:AAA/Standard Grade,AAA/Standard Grade,
4000-431-4749,4000,12 Callaway Chrome Soft Triple Track AAAAA/Mint Grade,Save Money On Callaway Chrome Soft Triple Track. Best Value and Quality From Lost Golf Balls. Fast Shipping.,in stock,used_like_new,49.99 AUD,,12 Balls,https://www.lostgolfballs.com.au/callaway-chrome-soft-triple-track.html,https://www.lostgolfballs.com.au/media/catalog/product/c/a/callaway_chrome_soft_triple_track.jpg,,Callaway,Sporting Goods > Outdoor Recreation > Golf > Golf Balls,Golf Balls > Callaway,Grade:AAAAA/Mint Grade,AAAAA/Mint Grade,
4000-431-4375,4000,12 Callaway Chrome Soft Triple Track AAA/Standard Grade,Save Money On Callaway Chrome Soft Triple Track. Best Value and Quality From Lost Golf Balls. Fast Shipping.,in stock,used_good,27.99 AUD,,12 Balls,https://www.lostgolfballs.com.au/callaway-chrome-soft-triple-track.html,https://www.lostgolfballs.com.au/media/catalog/product/c/a/callaway_chrome_soft_triple_track.jpg,,Callaway,Sporting Goods > Outdoor Recreation > Golf > Golf Balls,Golf Balls > Callaway,Grade:AAA/Standard Grade,AAA/Standard Grade,
4000-431-4374,4000,12 Callaway Chrome Soft Triple Track AA/C Grade,Save Money On Callaway Chrome Soft Triple Track. Best Value and Quality From Lost Golf Balls. Fast Shipping.,in stock,used_fair,13.99 AUD,,12 Balls,https://www.lostgolfballs.com.au/callaway-chrome-soft-triple-track.html,https://www.lostgolfballs.com.au/media/catalog/product/c/a/callaway_chrome_soft_triple_track.jpg,,Callaway,Sporting Goods > Outdoor Recreation > Golf > Golf Balls,Golf Balls > Callaway,Grade:AA/C Grade,AA/C Grade,
4001-432-3074,,50 Taylormade Tour Mix AAA/Standard Grade (With Pen Marks),"Save Money On Project A, Tour Preferred, Penta TP, Lethal And Other Soft Tour Taylormade Golf Balls! Order By 3pm - Same Day Dispatch. Free Tees With Every Order.",in stock,used_good,59.99 AUD,,50 Balls,https://www.lostgolfballs.com.au/taylormade-tour-mix-pen-50.html,https://www.lostgolfballs.com.au/media/catalog/product/t/a/taylormade_tour_golf_balls_3.jpeg,,TaylorMade,Sporting Goods > Outdoor Recreation > Golf > Golf Balls,Golf Balls > TaylorMade,,AAA/Standard Grade,
4003-434-3070,,50 Taylormade TP5/TP5x Practice Grade Golf Balls,Taylormade TP5 and TP5x Practice Golf Balls! Practice With TP5'x Without Breaking The Bank. Order by 3pm - Same Day Dispatch. Free Tees With Every Order At Lost Golf Balls!,in stock,used_fair,44.99 AUD,,50 Balls,https://www.lostgolfballs.com.au/50-taylormade-tp5tp5x-practice-grade.html,https://www.lostgolfballs.com.au/media/catalog/product/t/a/taylormade_tp5.tp5x_practice_golf_balls_1.jpg,,TaylorMade,Sporting Goods > Outdoor Recreation > Golf > Golf Balls,Golf Balls > TaylorMade,,Practice,
4004-435-3068,4004,12 Bridgestone B XS Mint/Near Mint Grade (With Pen Marks),Cheapest Way To Play Bridgestone Tour B XS! Save Huge Compared To Pro Shop Prices. Free Tees With Every Order. Order by 3pm - Same Day Dispatch From Lost Golf Balls.,in stock,used_like_new,26.99 AUD,,12 Balls,https://www.lostgolfballs.com.au/bridgestone-b-xs-pen.html,https://www.lostgolfballs.com.au/media/catalog/product/b/r/bridgestone_tour_b_xs_golf_balls_3.png,,Bridgestone,Sporting Goods > Outdoor Recreation > Golf > Golf Balls,Golf Balls > Bridgestone,Grade:12 Bridgestone B XS Mint/Near Mint Grade (With Pen Marks),12 Bridgestone B XS Mint/Near Mint Grade (With Pen Marks),
4004-435-3069,4004,12 Bridgestone B XS AAA/Standard Grade (With Pen Marks),Cheapest Way To Play Bridgestone Tour B XS! Save Huge Compared To Pro Shop Prices. Free Tees With Every Order. Order by 3pm - Same Day Dispatch From Lost Golf Balls.,in stock,used_good,19.99 AUD,,12 Balls,https://www.lostgolfballs.com.au/bridgestone-b-xs-pen.html,https://www.lostgolfballs.com.au/media/catalog/product/b/r/bridgestone_tour_b_xs_golf_balls_3.png,,Bridgestone,Sporting Goods > Outdoor Recreation > Golf > Golf Balls,Golf Balls > Bridgestone,Grade:AAA/Standard Grade,AAA/Standard Grade,
4016-436-3083,4016,12 Taylormade TP5 Pix Mint/Near Mint Grade,Taylormade TP5 Pix At Great Prices! Free Tees With Every Order. Order By 3pm - Same Day Dispatch. Save Huge Money Buy Purchasing From Lost Golf Balls!,in stock,used_like_new,49.99 AUD,,12 Balls,https://www.lostgolfballs.com.au/taylormade-tp5-12-pix.html,https://www.lostgolfballs.com.au/media/catalog/product/t/a/taylormade_tp5_pix.jpg,,TaylorMade,Sporting Goods > Outdoor Recreation > Golf > Golf Balls,Golf Balls > TaylorMade,Grade:12 Taylormade TP5 Pix Mint/Near Mint Grade,12 Taylormade TP5 Pix Mint/Near Mint Grade,
4016-436-3082,4016,12 Taylormade TP5 Pix AAA/Standard Grade,Taylormade TP5 Pix At Great Prices! Free Tees With Every Order. Order By 3pm - Same Day Dispatch. Save Huge Money Buy Purchasing From Lost Golf Balls!,in stock,used_good,32.99 AUD,,12 Balls,https://www.lostgolfballs.com.au/taylormade-tp5-12-pix.html,https://www.lostgolfballs.com.au/media/catalog/product/t/a/taylormade_tp5_pix.jpg,,TaylorMade,Sporting Goods > Outdoor Recreation > Golf > Golf Balls,Golf Balls > TaylorMade,Grade:AAA/Standard Grade,AAA/Standard Grade,
4016-436-3222,4016,12 Taylormade TP5 Pix AA/C Grade,Taylormade TP5 Pix At Great Prices! Free Tees With Every Order. Order By 3pm - Same Day Dispatch. Save Huge Money Buy Purchasing From Lost Golf Balls!,in stock,used_fair,28.99 AUD,,12 Balls,https://www.lostgolfballs.com.au/taylormade-tp5-12-pix.html,https://www.lostgolfballs.com.au/media/catalog/product/t/a/taylormade_tp5_pix.jpg,,TaylorMade,Sporting Goods > Outdoor Recreation > Golf > Golf Balls,Golf Balls > TaylorMade,Grade:AA/C Grade,AA/C Grade,
4017-437-3088,4017,12 Taylormade TP5x Pix Mint/Near Mint Grade,Taylormade TP5x Pix At Great Prices. Free Tees With Every Order. Save Huge Dollars At Lost Golf Balls. Order By 3pm - Same Day Dispatch!,in stock,used_like_new,49.99 AUD,,12 Balls,https://www.lostgolfballs.com.au/taylormade-tp5x-pix.html,https://www.lostgolfballs.com.au/media/catalog/product/t/a/taylormade_tp5x_pix.jpg,,TaylorMade,Sporting Goods > Outdoor Recreation > Golf > Golf Balls,Golf Balls > TaylorMade,Grade:12 Taylormade TP5x Pix Mint/Near Mint Grade,12 Taylormade TP5x Pix Mint/Near Mint Grade,
4017-437-3087,4017,12 Taylormade TP5x Pix AAA/Standard Grade,Taylormade TP5x Pix At Great Prices. Free Tees With Every Order. Save Huge Dollars At Lost Golf Balls. Order By 3pm - Same Day Dispatch!,in stock,used_good,38.99 AUD,,12 Balls,https://www.lostgolfballs.com.au/taylormade-tp5x-pix.html,https://www.lostgolfballs.com.au/media/catalog/product/t/a/taylormade_tp5x_pix.jpg,,TaylorMade,Sporting Goods > Outdoor Recreation > Golf > Golf Balls,Golf Balls > TaylorMade,Grade:AAA/Standard Grade,AAA/Standard Grade,
4017-437-3223,4017,12 Taylormade TP5x Pix AA/C Grade,Taylormade TP5x Pix At Great Prices. Free Tees With Every Order. Save Huge Dollars At Lost Golf Balls. Order By 3pm - Same Day Dispatch!,in stock,used_fair,29.99 AUD,,12 Balls,https://www.lostgolfballs.com.au/taylormade-tp5x-pix.html,https://www.lostgolfballs.com.au/media/catalog/product/t/a/taylormade_tp5x_pix.jpg,,TaylorMade,Sporting Goods > Outdoor Recreation > Golf > Golf Balls,Golf Balls > TaylorMade,Grade:AA/C Grade,AA/C Grade,
4031-440-3140,,50 Pinnacle Golf Balls AAAA/Near Mint Grade,"50 PInnacle Golf Balls! Rush, Gold, Soft, Exception and more! Free Tees With Every Order! Order by 3pm - Same Day Dispatch. Save Money On Lost Golf Balls.",in stock,used_like_new,64.99 AUD,,50 Balls,https://www.lostgolfballs.com.au/50-pinnacle-golf-balls.html,https://www.lostgolfballs.com.au/media/catalog/product/p/i/pinnacle_golf_ball.jpg,,Pinnacle,Sporting Goods > Outdoor Recreation > Golf > Golf Balls,Golf Balls > Pinnacle,,AAAA/Near Mint Grade,
4037-442-3163,4037,12 Callaway Chrome Soft Mint/Near Mint Grade (With Pen Marks),Save Money On Marked Callaway Chrome Soft Golf Balls. Order by 2pm - Same Day Dispatch. Free Tees With Every Order At Lost Golf Balls!,in stock,used_like_new,34.99 AUD,,12 Balls,https://www.lostgolfballs.com.au/callaway-chrome-soft-pen.html,https://www.lostgolfballs.com.au/media/catalog/product/c/a/callaway_chrome_soft_3_1_4_7.jpg,,Callaway,Sporting Goods > Outdoor Recreation > Golf > Golf Balls,Golf Balls > Callaway,Grade:12 Callaway Chrome Soft Mint/Near Mint Grade (With Pen Marks),12 Callaway Chrome Soft Mint/Near Mint Grade (With Pen Marks),
4037-442-3164,4037,12 Callaway Chrome Soft AAA/Standard Grade (With Pen Marks),Save Money On Marked Callaway Chrome Soft Golf Balls. Order by 2pm - Same Day Dispatch. Free Tees With Every Order At Lost Golf Balls!,in stock,used_good,24.99 AUD,,12 Balls,https://www.lostgolfballs.com.au/callaway-chrome-soft-pen.html,https://www.lostgolfballs.com.au/media/catalog/product/c/a/callaway_chrome_soft_3_1_4_7.jpg,,Callaway,Sporting Goods > Outdoor Recreation > Golf > Golf Balls,Golf Balls > Callaway,Grade:AAA/Standard Grade,AAA/Standard Grade,
4038-443-3169,4038,12 Callaway Chrome Soft Yellow Mint/Near Mint Grade (With Pen Marks),Callaway Chrome Soft Yellow At Unbelievable Pricing. Free Tees With Every Order. Order by 3pm - Same Day Dispatch. Save On Golf Balls With Lost Golf Balls.,in stock,used_like_new,34.99 AUD,,12 Balls,https://www.lostgolfballs.com.au/callaway-chrome-soft-yellow-pen.html,https://www.lostgolfballs.com.au/media/catalog/product/c/a/callaway_chrome_soft_yellow_golf_balls_2_2.png,,Callaway,Sporting Goods > Outdoor Recreation > Golf > Golf Balls,Golf Balls > Callaway,Grade:12 Callaway Chrome Soft Yellow Mint/Near Mint Grade (With Pen Marks),12 Callaway Chrome Soft Yellow Mint/Near Mint Grade (With Pen Marks),
4038-443-3170,4038,12 Callaway Chrome Soft Yellow AAA/Standard Grade (With Pen Marks),Callaway Chrome Soft Yellow At Unbelievable Pricing. Free Tees With Every Order. Order by 3pm - Same Day Dispatch. Save On Golf Balls With Lost Golf Balls.,in stock,used_good,24.99 AUD,,12 Balls,https://www.lostgolfballs.com.au/callaway-chrome-soft-yellow-pen.html,https://www.lostgolfballs.com.au/media/catalog/product/c/a/callaway_chrome_soft_yellow_golf_balls_2_2.png,,Callaway,Sporting Goods > Outdoor Recreation > Golf > Golf Balls,Golf Balls > Callaway,Grade:AAA/Standard Grade,AAA/Standard Grade,
4039-444-3182,4039,12 Titleist TruFeel AAAA/Near Mint Grade,Titleist TruFeel at great discounts to RRP. Free Tees With Every Order! Order Before 3pm - Same Day Dispatch. Best Golf Balls At Lost Golf Balls.,in stock,used_like_new,19.99 AUD,,12 Balls,https://www.lostgolfballs.com.au/titleist-trufeel.html,https://www.lostgolfballs.com.au/media/catalog/product/t/i/titleist_trufeel.png,,Titleist,Sporting Goods > Outdoor Recreation > Golf > Golf Balls,Golf Balls > Titleist,Grade:AAAA/Near Mint Grade,AAAA/Near Mint Grade,
4039-444-3181,4039,12 Titleist TruFeel AAA/Standard Grade,Titleist TruFeel at great discounts to RRP. Free Tees With Every Order! Order Before 3pm - Same Day Dispatch. Best Golf Balls At Lost Golf Balls.,in stock,used_good,15.99 AUD,,12 Balls,https://www.lostgolfballs.com.au/titleist-trufeel.html,https://www.lostgolfballs.com.au/media/catalog/product/t/i/titleist_trufeel.png,,Titleist,Sporting Goods > Outdoor Recreation > Golf > Golf Balls,Golf Balls > Titleist,Grade:AAA/Standard Grade,AAA/Standard Grade,
4040-445-3186,4040,12 Titleist TruFeel Yellow AAAAA/Mint Grade,TruFeel Yellow Golf Balls - Huge Savings. Best Value - Free Tees With Every Order! Order Before 3pm - Same Day Dispatch. Best Golf Balls At Lost Golf Balls.,in stock,used_like_new,28.99 AUD,,12 Balls,https://www.lostgolfballs.com.au/titleist-trufeel-yellow.html,https://www.lostgolfballs.com.au/media/catalog/product/t/i/titleist_trufeel_yellow.jpg,,Titleist,Sporting Goods > Outdoor Recreation > Golf > Golf Balls,Golf Balls > Titleist,Grade:AAAAA/Mint Grade,AAAAA/Mint Grade,
4040-445-3184,4040,12 Titleist TruFeel Yellow AAA/Standard Grade,TruFeel Yellow Golf Balls - Huge Savings. Best Value - Free Tees With Every Order! Order Before 3pm - Same Day Dispatch. Best Golf Balls At Lost Golf Balls.,in stock,used_good,19.99 AUD,,12 Balls,https://www.lostgolfballs.com.au/titleist-trufeel-yellow.html,https://www.lostgolfballs.com.au/media/catalog/product/t/i/titleist_trufeel_yellow.jpg,,Titleist,Sporting Goods > Outdoor Recreation > Golf > Golf Balls,Golf Balls > Titleist,Grade:AAA/Standard Grade,AAA/Standard Grade,
4047-446-4204,4047,50 Titleist Pro V1 Mint/Near Mint Grade (With Pen Marks),"Huge Special - These Titleist Pro V1's are available in two grades. We have our premium ""MINT/NEAR MINT Grade"" and our ""AAA/Standard Grade."" The Pro V1's so cheap as they have player pen marks and/or corporate logo's on them. This does not stop them being played nor affect the flight at all. They are perfect for comp or social rounds. At this price they are up to 30% cheaper than our standard pricing. VERY limited stock. The Titleist Pro V1 combines distance with durability and feel and is the most popular ball on the professional circuit. The Pro V1 is manufactured to provide spin and consistent flight. These balls are designed for golfers with a swing speed of 155 - 170 kph and each of these balls has been individually inspected by a member of our staff to ensure it's quality. The 3 piece Pro V1 revolutionised the game when it was introduced a decade ago and our Pro V1's represent the best value money can buy. Basic information of the Titleist Pro V1: - ZG core technology - Responsive Ionomeric casing layer - Durable Urethane Elastomer cover - Trihedral 352 dimple design - Alignment Integrated Marking - Polybutadiene core",in stock,used_like_new,129.99 AUD,,50 Balls,https://www.lostgolfballs.com.au/titleist-pro-v1-50-pen.html,https://www.lostgolfballs.com.au/media/catalog/product/t/i/titleist_pro_v1.4.jpeg,,Titleist,Sporting Goods > Outdoor Recreation > Golf > Golf Balls,Golf Balls > Titleist,Grade:50 Titleist Pro V1 Mint/Near Mint Grade (With Pen Marks),50 Titleist Pro V1 Mint/Near Mint Grade (With Pen Marks),
4047-446-3198,4047,50 Titleist Pro V1 AAA/Standard Grade (With Pen Marks),"Huge Special - These Titleist Pro V1's are available in two grades. We have our premium ""MINT/NEAR MINT Grade"" and our ""AAA/Standard Grade."" The Pro V1's so cheap as they have player pen marks and/or corporate logo's on them. This does not stop them being played nor affect the flight at all. They are perfect for comp or social rounds. At this price they are up to 30% cheaper than our standard pricing. VERY limited stock. The Titleist Pro V1 combines distance with durability and feel and is the most popular ball on the professional circuit. The Pro V1 is manufactured to provide spin and consistent flight. These balls are designed for golfers with a swing speed of 155 - 170 kph and each of these balls has been individually inspected by a member of our staff to ensure it's quality. The 3 piece Pro V1 revolutionised the game when it was introduced a decade ago and our Pro V1's represent the best value money can buy. Basic information of the Titleist Pro V1: - ZG core technology - Responsive Ionomeric casing layer - Durable Urethane Elastomer cover - Trihedral 352 dimple design - Alignment Integrated Marking - Polybutadiene core",in stock,used_good,89.99 AUD,,50 Balls,https://www.lostgolfballs.com.au/titleist-pro-v1-50-pen.html,https://www.lostgolfballs.com.au/media/catalog/product/t/i/titleist_pro_v1.4.jpeg,,Titleist,Sporting Goods > Outdoor Recreation > Golf > Golf Balls,Golf Balls > Titleist,Grade:AAA/Standard Grade,AAA/Standard Grade,
4048-447-3203,4048,50 Titleist Pro V1x Mint/Near Mint Grade (With Pen Marks),"Huge Special - These Titleist Pro V1x's are available in two grades. We have our premium ""MINT/NEAR MINT Grade"" and our ""AAA/Standard Grade."" The Pro V1x's so cheap as they have player pen marks and/or corporate logo's on them. This does not stop them being played nor affect the flight at all. They are perfect for comp or social rounds. At this price they are up to 30% cheaper than our standard pricing. VERY limited stock. The Titleist Pro V1x moved the game up a notch. With 328 dimples, this three piece ball gives less spin off the driver, wood and long iron yet allows a huge amount of control around the greens. The V1x is the perfect compliment to the V1 range is one of the most popular balls for tour professionals and low handicaper golfers who are looking for a little extra length. The V1x is ideal for those with a swing speed in excess of 165 kph and who hit the ball with a minimum amount of slice or fade. Each of our recycled Pro V1x's have been hand graded twice to guarantee their quality. Basic information of the Pro V1x - High velocity dual core with soft centre - Ionomeric casing layer - Durable urethane cover - Aerodynamic 328 dimple design - Alignment marking - Polybutadiene core Titleist became the name that was synonymous with the golf ball. The strength of the brand name made it immediately recognisable even if the high handicap golfer was looking for the cheapest ball available as he or she learnt the game. Titleist produces something for everyone and although the Pro V1x is very much a specialist ball, it is worth considering if you are keen to try your hand with a tour grade product. If you are a higher handicap golfer looking to use a slightly more affordable option, you may consider the Titleist NXT or Titleist DT SoLo as both are proven performers a can help aid golfers with a slightly more inconsistent swing.",in stock,used_like_new,139.99 AUD,,50 Balls,https://www.lostgolfballs.com.au/titleist-pro-v1x-50-pen.html,https://www.lostgolfballs.com.au/media/catalog/product/t/i/titleist_pro_v1x_with_pen_marks_.jpeg,,Titleist,Sporting Goods > Outdoor Recreation > Golf > Golf Balls,Golf Balls > Titleist,Grade:50 Titleist Pro V1x Mint/Near Mint Grade (With Pen Marks),50 Titleist Pro V1x Mint/Near Mint Grade (With Pen Marks),
4048-447-3204,4048,50 Titleist Pro V1x AAA/Standard Grade (With Pen Marks),"Huge Special - These Titleist Pro V1x's are available in two grades. We have our premium ""MINT/NEAR MINT Grade"" and our ""AAA/Standard Grade."" The Pro V1x's so cheap as they have player pen marks and/or corporate logo's on them. This does not stop them being played nor affect the flight at all. They are perfect for comp or social rounds. At this price they are up to 30% cheaper than our standard pricing. VERY limited stock. The Titleist Pro V1x moved the game up a notch. With 328 dimples, this three piece ball gives less spin off the driver, wood and long iron yet allows a huge amount of control around the greens. The V1x is the perfect compliment to the V1 range is one of the most popular balls for tour professionals and low handicaper golfers who are looking for a little extra length. The V1x is ideal for those with a swing speed in excess of 165 kph and who hit the ball with a minimum amount of slice or fade. Each of our recycled Pro V1x's have been hand graded twice to guarantee their quality. Basic information of the Pro V1x - High velocity dual core with soft centre - Ionomeric casing layer - Durable urethane cover - Aerodynamic 328 dimple design - Alignment marking - Polybutadiene core Titleist became the name that was synonymous with the golf ball. The strength of the brand name made it immediately recognisable even if the high handicap golfer was looking for the cheapest ball available as he or she learnt the game. Titleist produces something for everyone and although the Pro V1x is very much a specialist ball, it is worth considering if you are keen to try your hand with a tour grade product. If you are a higher handicap golfer looking to use a slightly more affordable option, you may consider the Titleist NXT or Titleist DT SoLo as both are proven performers a can help aid golfers with a slightly more inconsistent swing.",in stock,used_good,74.99 AUD,,50 Balls,https://www.lostgolfballs.com.au/titleist-pro-v1x-50-pen.html,https://www.lostgolfballs.com.au/media/catalog/product/t/i/titleist_pro_v1x_with_pen_marks_.jpeg,,Titleist,Sporting Goods > Outdoor Recreation > Golf > Golf Balls,Golf Balls > Titleist,Grade:AAA/Standard Grade,AAA/Standard Grade,
4053-448-3209,4053,12 Titleist Pro V1 Yellow Mint/Near Mint Grade (With Pen Marks),Save Huge Dollars On Yellow Titleist Pro V1 Golf Balls. Order by 2pm - Same Day Dispatch. Best Value Golf Balls From Lost Golf Balls,in stock,used_like_new,34.99 AUD,,12 Balls,https://www.lostgolfballs.com.au/titleist-pro-v1-yellow-pen.html,https://www.lostgolfballs.com.au/media/catalog/product/1/_/1._titleist_pro_v1_yellow_1.png,,Titleist,Sporting Goods > Outdoor Recreation > Golf > Golf Balls,Golf Balls > Titleist,Grade:12 Titleist Pro V1 Yellow Mint/Near Mint Grade (With Pen Marks),12 Titleist Pro V1 Yellow Mint/Near Mint Grade (With Pen Marks),
4053-448-3208,4053,12 Titleist Pro V1 Yellow AAA/Standard Grade (With Pen Marks),Save Huge Dollars On Yellow Titleist Pro V1 Golf Balls. Order by 2pm - Same Day Dispatch. Best Value Golf Balls From Lost Golf Balls,in stock,used_good,17.99 AUD,,12 Balls,https://www.lostgolfballs.com.au/titleist-pro-v1-yellow-pen.html,https://www.lostgolfballs.com.au/media/catalog/product/1/_/1._titleist_pro_v1_yellow_1.png,,Titleist,Sporting Goods > Outdoor Recreation > Golf > Golf Balls,Golf Balls > Titleist,Grade:AAA/Standard Grade,AAA/Standard Grade,
4054-449-3214,4054,12 Titleist Pro V1x Yellow Mint/Near Mint Grade (With Pen Marks),Yellow Titleist Pro V1x With Huge Savings! Order by 2pm - Same Day Distpatch. Save Huge $$$ At Lost Golf Balls.,in stock,used_like_new,34.99 AUD,,12 Balls,https://www.lostgolfballs.com.au/titleist-pro-v1x-yellow-pen.html,https://www.lostgolfballs.com.au/media/catalog/product/1/_/1._titleist_pro_v1x_yellow_1.png,,Titleist,Sporting Goods > Outdoor Recreation > Golf > Golf Balls,Golf Balls > Titleist,Grade:12 Titleist Pro V1x Yellow Mint/Near Mint Grade (With Pen Marks),12 Titleist Pro V1x Yellow Mint/Near Mint Grade (With Pen Marks),
4054-449-3213,4054,12 Titleist Pro V1x Yellow AAA/Standard Grade (With Pen Marks),Yellow Titleist Pro V1x With Huge Savings! Order by 2pm - Same Day Distpatch. Save Huge $$$ At Lost Golf Balls.,in stock,used_good,18.99 AUD,,12 Balls,https://www.lostgolfballs.com.au/titleist-pro-v1x-yellow-pen.html,https://www.lostgolfballs.com.au/media/catalog/product/1/_/1._titleist_pro_v1x_yellow_1.png,,Titleist,Sporting Goods > Outdoor Recreation > Golf > Golf Balls,Golf Balls > Titleist,Grade:AAA/Standard Grade,AAA/Standard Grade,
4055-450-3220,4055,50 Premium Yellow Golf Balls Mint/Near Mint Grade (With Pen Marks),Huge Savings On High Quality Yellow Golf Balls! Save Serious Money On Your Yellow Golf Balls and Buy From Lost Golf Balls Today!,in stock,used_like_new,64.99 AUD,,50 Balls,https://www.lostgolfballs.com.au/premium-brand-yellow-mix-50-pen.html,https://www.lostgolfballs.com.au/media/catalog/product/y/e/yellow_golf_balls_small_1_1_1_1_4.jpg,,Lost Golf Balls,Sporting Goods > Outdoor Recreation > Golf > Golf Balls,Golf Balls > Lost Golf Balls,Grade:50 Premium Yellow Golf Balls Mint/Near Mint Grade (With Pen Marks),50 Premium Yellow Golf Balls Mint/Near Mint Grade (With Pen Marks),
4055-450-3221,4055,50 Premium Yellow Golf Balls AAA/Standard Grade (With Pen Marks),Huge Savings On High Quality Yellow Golf Balls! Save Serious Money On Your Yellow Golf Balls and Buy From Lost Golf Balls Today!,in stock,used_good,39.99 AUD,,50 Balls,https://www.lostgolfballs.com.au/premium-brand-yellow-mix-50-pen.html,https://www.lostgolfballs.com.au/media/catalog/product/y/e/yellow_golf_balls_small_1_1_1_1_4.jpg,,Lost Golf Balls,Sporting Goods > Outdoor Recreation > Golf > Golf Balls,Golf Balls > Lost Golf Balls,Grade:AAA/Standard Grade,AAA/Standard Grade,
4058-451-3229,,100 Premium Golf Balls AAA/Standard Grade (With Pen Marks),Savings On 100 Second Hand Golf Balls! Order by 3pm - Same Day Dispatch! Free Tees With Every Order. Save Up To 50% Off New Ball Prices. Golf Ball Savings From Lost Golf Balls.,in stock,used_good,89.99 AUD,,100 Balls,https://www.lostgolfballs.com.au/100-premium-golf-balls-pen.html,https://www.lostgolfballs.com.au/media/catalog/product/p/r/premium_golf_balls_2_4.jpg,,Lost Golf Balls,Sporting Goods > Outdoor Recreation > Golf > Golf Balls,Golf Balls > Lost Golf Balls,,AAA/Standard Grade,
4064-452-3234,4064,12 Srixon Q Star Tour AAAAA/Mint Grade,"Srixon Q Star Tour Golf Balls! Free Tees With Every Order, Order by 3pm AEST - Same Day Dispatch! Srixon, Titleist, Callaway, Bridgestone, All Your Favourites At Lost Golf Balls.",in stock,used_like_new,27.99 AUD,,12 Balls,https://www.lostgolfballs.com.au/srixon-q-star-tour.html,https://www.lostgolfballs.com.au/media/catalog/product/s/r/srixon_q_star_tour.png,,Srixon,Sporting Goods > Outdoor Recreation > Golf > Golf Balls,Golf Balls > Srixon,Grade:AAAAA/Mint Grade,AAAAA/Mint Grade,
4064-452-3233,4064,12 Srixon Q Star Tour AAAA/Near Mint Grade,"Srixon Q Star Tour Golf Balls! Free Tees With Every Order, Order by 3pm AEST - Same Day Dispatch! Srixon, Titleist, Callaway, Bridgestone, All Your Favourites At Lost Golf Balls.",in stock,used_like_new,24.99 AUD,,12 Balls,https://www.lostgolfballs.com.au/srixon-q-star-tour.html,https://www.lostgolfballs.com.au/media/catalog/product/s/r/srixon_q_star_tour.png,,Srixon,Sporting Goods > Outdoor Recreation > Golf > Golf Balls,Golf Balls > Srixon,Grade:AAAA/Near Mint Grade,AAAA/Near Mint Grade,
4064-452-3232,4064,12 Srixon Q Star Tour AAA/Standard Grade,"Srixon Q Star Tour Golf Balls! Free Tees With Every Order, Order by 3pm AEST - Same Day Dispatch! Srixon, Titleist, Callaway, Bridgestone, All Your Favourites At Lost Golf Balls.",in stock,used_good,19.99 AUD,,12 Balls,https://www.lostgolfballs.com.au/srixon-q-star-tour.html,https://www.lostgolfballs.com.au/media/catalog/product/s/r/srixon_q_star_tour.png,,Srixon,Sporting Goods > Outdoor Recreation > Golf > Golf Balls,Golf Balls > Srixon,Grade:AAA/Standard Grade,AAA/Standard Grade,
4070-454-3249,4070,12 Callaway Chrome Soft Triple Track Yellow AAAA/Near Mint Grade,Callaway Chrome Soft Triple Track Yellow Golf Balls! Order by 3pm For Same Day Dispatch. Free Tees With Every Order. Best Value and Quality From Lost Golf Balls. Fast Shipping.,in stock,used_like_new,36.99 AUD,,12 Balls,https://www.lostgolfballs.com.au/callaway-chrome-soft-triple-track-yellow.html,https://www.lostgolfballs.com.au/media/catalog/product/c/a/callaway_chrome_soft_triple_track_yellow.jpg,,Callaway,Sporting Goods > Outdoor Recreation > Golf > Golf Balls,Golf Balls > Callaway,Grade:AAAA/Near Mint Grade,AAAA/Near Mint Grade,
4070-454-3248,4070,12 Callaway Chrome Soft Triple Track Yellow AAA/Standard Grade,Callaway Chrome Soft Triple Track Yellow Golf Balls! Order by 3pm For Same Day Dispatch. Free Tees With Every Order. Best Value and Quality From Lost Golf Balls. Fast Shipping.,in stock,used_good,27.99 AUD,,12 Balls,https://www.lostgolfballs.com.au/callaway-chrome-soft-triple-track-yellow.html,https://www.lostgolfballs.com.au/media/catalog/product/c/a/callaway_chrome_soft_triple_track_yellow.jpg,,Callaway,Sporting Goods > Outdoor Recreation > Golf > Golf Balls,Golf Balls > Callaway,Grade:AAA/Standard Grade,AAA/Standard Grade,
4072-455-3264,,12 Taylormade TP5x AAA/Standard Grade (With Pen Marks),Save Up To 40% Off Our Regular Pricing on Taylormade TP5 and TP5x Golf Balls! Huge Savings From Lost Golf Balls.,in stock,used_good,28.99 AUD,,12 Balls,https://www.lostgolfballs.com.au/taylormade-tp5x-pen.html,https://www.lostgolfballs.com.au/media/catalog/product/t/a/taylormade_tp5x_4.jpg,,TaylorMade,Sporting Goods > Outdoor Recreation > Golf > Golf Balls,Golf Balls > TaylorMade,,AAA/Standard Grade,
4079-456-3270,4079,12 Taylormade TP5 Yellow AAAAA/Mint Grade,Taylormade TP5 Yellow On Sale! Free Tees With Every TP5 Yellow Order. Order by 3pm - Same Day Dispatch!,in stock,used_like_new,44.99 AUD,,12 Balls,https://www.lostgolfballs.com.au/taylormade-tp5-12-yellow.html,https://www.lostgolfballs.com.au/media/catalog/product/t/a/taylormade_tp5_yellow.png,,TaylorMade,Sporting Goods > Outdoor Recreation > Golf > Golf Balls,Golf Balls > TaylorMade,Grade:AAAAA/Mint Grade,AAAAA/Mint Grade,
4079-456-3269,4079,12 Taylormade TP5 Yellow AAAA/Near Mint Grade,Taylormade TP5 Yellow On Sale! Free Tees With Every TP5 Yellow Order. Order by 3pm - Same Day Dispatch!,in stock,used_like_new,39.99 AUD,,12 Balls,https://www.lostgolfballs.com.au/taylormade-tp5-12-yellow.html,https://www.lostgolfballs.com.au/media/catalog/product/t/a/taylormade_tp5_yellow.png,,TaylorMade,Sporting Goods > Outdoor Recreation > Golf > Golf Balls,Golf Balls > TaylorMade,Grade:AAAA/Near Mint Grade,AAAA/Near Mint Grade,
4079-456-3268,4079,12 Taylormade TP5 Yellow AAA/Standard Grade,Taylormade TP5 Yellow On Sale! Free Tees With Every TP5 Yellow Order. Order by 3pm - Same Day Dispatch!,in stock,used_good,35.99 AUD,,12 Balls,https://www.lostgolfballs.com.au/taylormade-tp5-12-yellow.html,https://www.lostgolfballs.com.au/media/catalog/product/t/a/taylormade_tp5_yellow.png,,TaylorMade,Sporting Goods > Outdoor Recreation > Golf > Golf Balls,Golf Balls > TaylorMade,Grade:AAA/Standard Grade,AAA/Standard Grade,
4080-457-3274,,12 Taylormade TP5x Yellow AAA/Standard Grade,Taylormade TP5X Yellow at Sharp Prices! Free Tees With Every TP5 Yellow Order! Save On Your Golf Balls By Purchasing From Lost Golf Balls!,in stock,used_good,34.99 AUD,,12 Balls,https://www.lostgolfballs.com.au/taylormade-tp5x-12-yelloow.html,https://www.lostgolfballs.com.au/media/catalog/product/t/a/taylormade_tp5x_yellow.jpeg,,TaylorMade,Sporting Goods > Outdoor Recreation > Golf > Golf Balls,Golf Balls > TaylorMade,,AAA/Standard Grade,
4099-458-4767,,50 Bridgestone Tour B XS Mint/Near Mint Grade,Bulk Pricing on 50 Bridgestone Tour B XS! Free Tees With Every Order. Incredibly Fast Shipping. Order by 3pm - Same Day Dispatch.,in stock,used_like_new,169.99 AUD,,50 Balls,https://www.lostgolfballs.com.au/bridgestone-b-xs-50.html,https://www.lostgolfballs.com.au/media/catalog/product/b/r/bridgestone_tour_b_xs_golf_balls_10.png,,Bridgestone,Sporting Goods > Outdoor Recreation > Golf > Golf Balls,Golf Balls > Bridgestone,,50 Bridgestone Tour B XS Mint/Near Mint Grade,
4113-464-4760,4113,50 Kirkland Signature Performance Plus Mint/Near Mint Grade,Kirkland Signature Performance Plus at cheap prices! Same Day Shipping Dispatch - Order by 3pm. Save on all golf balls from Lost Golf Balls,in stock,used_like_new,54.99 AUD,,50 Balls,https://www.lostgolfballs.com.au/kirkland-signature-performance-plus-50.html,https://www.lostgolfballs.com.au/media/catalog/product/k/i/kirkland_singature_performance_plus_3.jpg,,Kirkland,Sporting Goods > Outdoor Recreation > Golf > Golf Balls,Golf Balls > Kirkland,Grade:50 Kirkland Signature Performance Plus Mint/Near Mint Grade,50 Kirkland Signature Performance Plus Mint/Near Mint Grade,
4113-464-3340,4113,50 Kirkland Signature Performance Plus AAA/Standard Grade,Kirkland Signature Performance Plus at cheap prices! Same Day Shipping Dispatch - Order by 3pm. Save on all golf balls from Lost Golf Balls,in stock,used_good,49.99 AUD,,50 Balls,https://www.lostgolfballs.com.au/kirkland-signature-performance-plus-50.html,https://www.lostgolfballs.com.au/media/catalog/product/k/i/kirkland_singature_performance_plus_3.jpg,,Kirkland,Sporting Goods > Outdoor Recreation > Golf > Golf Balls,Golf Balls > Kirkland,Grade:AAA/Standard Grade,AAA/Standard Grade,
4114-465-3348,4114,100 Kirkland Signature Performance Plus AAAA/Near Mint Grade,Bulk Kirkland Signature Performance Plus in lots of 100! Free Tees With Every Order. Order by 3pm AEST for Same Day Dispatch. Golf Balls at Lost Golf Balls.,in stock,used_like_new,174.99 AUD,,100 Balls,https://www.lostgolfballs.com.au/kirkland-signature-performance-plus-100.html,https://www.lostgolfballs.com.au/media/catalog/product/k/i/kirkland_singature_performance_plus_3_1.jpg,,Kirkland,Sporting Goods > Outdoor Recreation > Golf > Golf Balls,Golf Balls > Kirkland,Grade:AAAA/Near Mint Grade,AAAA/Near Mint Grade,
4114-465-3347,4114,100 Kirkland Signature Performance Plus AAA/Standard Grade,Bulk Kirkland Signature Performance Plus in lots of 100! Free Tees With Every Order. Order by 3pm AEST for Same Day Dispatch. Golf Balls at Lost Golf Balls.,in stock,used_good,149.99 AUD,,100 Balls,https://www.lostgolfballs.com.au/kirkland-signature-performance-plus-100.html,https://www.lostgolfballs.com.au/media/catalog/product/k/i/kirkland_singature_performance_plus_3_1.jpg,,Kirkland,Sporting Goods > Outdoor Recreation > Golf > Golf Balls,Golf Balls > Kirkland,Grade:AAA/Standard Grade,AAA/Standard Grade,
4115-466-3355,,50 Srixon Z Star/Z Star XV AAA/Standard Grade - Pen,Best Value On 50 Srixon Z Star Golf Balls. Huge Savings from Lost Golf Balls. Order by 3pm for Same Day Dispatch. Free Tees With Every Order.,in stock,used_good,69.99 AUD,,50 Balls,https://www.lostgolfballs.com.au/srixon-z-star-50-pen.html,https://www.lostgolfballs.com.au/media/catalog/product/s/r/srixon_z_star_discount_golf_balls_5_1_3.jpg,,Srixon,Sporting Goods > Outdoor Recreation > Golf > Golf Balls,Golf Balls > Srixon,,AAA/Standard Grade,
4116-467-3356,,50 Srixon Z Star/Z Star XV Yellow - Mint/Near Mint Grade - Pen,Save On A Srixon Z Star/Z Star XV Mix At up to 30% Off Our Regular Pricing. Free Tees With Every Order. Order by 3pm - Same Day Dispatch. Golf Balls from Lost Golf Balls.,in stock,used_like_new,99.99 AUD,,50 Balls,https://www.lostgolfballs.com.au/50-srixon-z-star-yellow-pen.html,https://www.lostgolfballs.com.au/media/catalog/product/s/r/srixon_star_yellow-golf_balls_2_1_2.jpg,,Srixon,Sporting Goods > Outdoor Recreation > Golf > Golf Balls,Golf Balls > Srixon,,50 Srixon Z Star/Z Star XV Yellow - Mint/Near Mint Grade - Pen,
4154-468-3366,4154,12 Titleist Tour Speed AAAA/Near Mint Grade,Titleist Tour Speed at big discounts to pro shop prices! Order by 3pm - Same Day Dispatch. Free Tees With Every Order. Best Quality At Sharp Prices From Lost Golf Balls!,in stock,used_like_new,21.99 AUD,,12 Balls,https://www.lostgolfballs.com.au/titleist-tour-speed.html,https://www.lostgolfballs.com.au/media/catalog/product/t/i/titleist_tour_speed.jpg,,Titleist,Sporting Goods > Outdoor Recreation > Golf > Golf Balls,Golf Balls > Titleist,Grade:AAAA/Near Mint Grade,AAAA/Near Mint Grade,
4154-468-4770,4154,12 Titleist Tour Speed AAA/Standard Grade,Titleist Tour Speed at big discounts to pro shop prices! Order by 3pm - Same Day Dispatch. Free Tees With Every Order. Best Quality At Sharp Prices From Lost Golf Balls!,in stock,used_good,17.99 AUD,,12 Balls,https://www.lostgolfballs.com.au/titleist-tour-speed.html,https://www.lostgolfballs.com.au/media/catalog/product/t/i/titleist_tour_speed.jpg,,Titleist,Sporting Goods > Outdoor Recreation > Golf > Golf Balls,Golf Balls > Titleist,Grade:AAA/Standard Grade,AAA/Standard Grade,
4167-469-3377,,12 Taylormade Tour Response AA/C Grade,Taylormade Tour Response Golf Balls at sharp prices!! Save up to $30 per dozen at Lost Golf Balls. Order by 3pm - Same Day Dispatch. Free Tees With Every Order!,in stock,used_fair,14.99 AUD,,12 Balls,https://www.lostgolfballs.com.au/taylormade-tour-response.html,https://www.lostgolfballs.com.au/media/catalog/product/t/a/taylormade_tour_response.jpg,,TaylorMade,Sporting Goods > Outdoor Recreation > Golf > Golf Balls,Golf Balls > TaylorMade,,AA/C Grade,
4231-472-3421,,12 Titleist AVX Yellow Mint/Near Mint Grade (With Pen Marks),"Titleist AVX Golf Balls, Save Huge Dollars! Order by 2pm - Same Day Dispatch. Free Tees With Every Order. Incredible Quality, Fast Shipping From Lost Golf Balls.",in stock,used_like_new,34.99 AUD,,12 Balls,https://www.lostgolfballs.com.au/titleist-avx-yellow-pen.html,https://www.lostgolfballs.com.au/media/catalog/product/t/i/titleist_avx_yellow_1.png,,Titleist,Sporting Goods > Outdoor Recreation > Golf > Golf Balls,Golf Balls > Titleist,,12 Titleist AVX Yellow Mint/Near Mint Grade (With Pen Marks),
4240-473-4190,4240,12 2022 Titleist Pro V1 AAAAA/Mint Grade,"2022 Titleist Pro V1 at sharp prices, free tees with every order. Order by 3pm - Same Day Dispatch. Big Savings At Lost Golf Balls.",in stock,used_like_new,41.99 AUD,,12 Balls,https://www.lostgolfballs.com.au/titleist-prov1-2022.html,https://www.lostgolfballs.com.au/media/catalog/product/2/0/2021_titleist_pro_v1.jpg,,Titleist,Sporting Goods > Outdoor Recreation > Golf > Golf Balls,Golf Balls > Titleist,Grade:AAAAA/Mint Grade,AAAAA/Mint Grade,
4240-473-4189,4240,12 2022 Titleist Pro V1 AAAA/Near Mint Grade,"2022 Titleist Pro V1 at sharp prices, free tees with every order. Order by 3pm - Same Day Dispatch. Big Savings At Lost Golf Balls.",in stock,used_like_new,33.99 AUD,,12 Balls,https://www.lostgolfballs.com.au/titleist-prov1-2022.html,https://www.lostgolfballs.com.au/media/catalog/product/2/0/2021_titleist_pro_v1.jpg,,Titleist,Sporting Goods > Outdoor Recreation > Golf > Golf Balls,Golf Balls > Titleist,Grade:AAAA/Near Mint Grade,AAAA/Near Mint Grade,
4240-473-3427,4240,12 2022 Titleist Pro V1 AAA/Standard Grade,"2022 Titleist Pro V1 at sharp prices, free tees with every order. Order by 3pm - Same Day Dispatch. Big Savings At Lost Golf Balls.",in stock,used_good,23.99 AUD,,12 Balls,https://www.lostgolfballs.com.au/titleist-prov1-2022.html,https://www.lostgolfballs.com.au/media/catalog/product/2/0/2021_titleist_pro_v1.jpg,,Titleist,Sporting Goods > Outdoor Recreation > Golf > Golf Balls,Golf Balls > Titleist,Grade:AAA/Standard Grade,AAA/Standard Grade,
4240-473-3426,4240,12 2022 Titleist Pro V1 AA/C Grade,"2022 Titleist Pro V1 at sharp prices, free tees with every order. Order by 3pm - Same Day Dispatch. Big Savings At Lost Golf Balls.",in stock,used_fair,18.99 AUD,,12 Balls,https://www.lostgolfballs.com.au/titleist-prov1-2022.html,https://www.lostgolfballs.com.au/media/catalog/product/2/0/2021_titleist_pro_v1.jpg,,Titleist,Sporting Goods > Outdoor Recreation > Golf > Golf Balls,Golf Balls > Titleist,Grade:AA/C Grade,AA/C Grade,
4241-474-4008,4241,12 2022 Titleist Pro V1x AAAAA/Mint Grade,Best Value - 2022 Titleist Pro V1x. Free tees with every order. Order by 3pm - Same Day Dispatch. Big Savings At Lost Golf Balls.,in stock,used_like_new,41.99 AUD,,12 Balls,https://www.lostgolfballs.com.au/titleist-prov1x-2022.html,https://www.lostgolfballs.com.au/media/catalog/product/2/0/2021_titleist_pro_v1x.jpg,,Titleist,Sporting Goods > Outdoor Recreation > Golf > Golf Balls,Golf Balls > Titleist,Grade:AAAAA/Mint Grade,AAAAA/Mint Grade,
4241-474-4007,4241,12 2022 Titleist Pro V1x AAAA/Near Mint Grade,Best Value - 2022 Titleist Pro V1x. Free tees with every order. Order by 3pm - Same Day Dispatch. Big Savings At Lost Golf Balls.,in stock,used_like_new,34.99 AUD,,12 Balls,https://www.lostgolfballs.com.au/titleist-prov1x-2022.html,https://www.lostgolfballs.com.au/media/catalog/product/2/0/2021_titleist_pro_v1x.jpg,,Titleist,Sporting Goods > Outdoor Recreation > Golf > Golf Balls,Golf Balls > Titleist,Grade:AAAA/Near Mint Grade,AAAA/Near Mint Grade,
4241-474-3435,4241,12 2022 Titleist Pro V1x AAA/Standard Grade,Best Value - 2022 Titleist Pro V1x. Free tees with every order. Order by 3pm - Same Day Dispatch. Big Savings At Lost Golf Balls.,in stock,used_good,25.99 AUD,,12 Balls,https://www.lostgolfballs.com.au/titleist-prov1x-2022.html,https://www.lostgolfballs.com.au/media/catalog/product/2/0/2021_titleist_pro_v1x.jpg,,Titleist,Sporting Goods > Outdoor Recreation > Golf > Golf Balls,Golf Balls > Titleist,Grade:AAA/Standard Grade,AAA/Standard Grade,
4241-474-3434,4241,12 2022 Titleist Pro V1x AA/C Grade,Best Value - 2022 Titleist Pro V1x. Free tees with every order. Order by 3pm - Same Day Dispatch. Big Savings At Lost Golf Balls.,in stock,used_fair,17.99 AUD,,12 Balls,https://www.lostgolfballs.com.au/titleist-prov1x-2022.html,https://www.lostgolfballs.com.au/media/catalog/product/2/0/2021_titleist_pro_v1x.jpg,,Titleist,Sporting Goods > Outdoor Recreation > Golf > Golf Balls,Golf Balls > Titleist,Grade:AA/C Grade,AA/C Grade,
4245-476-3765,4245,50 Volvik Golf Balls AAAAA/Mint Grade,Volvik are one of the most famous brands we have. Play Volvik golf balls for cheap and enjoy a quality brand. Order before 3pm for Same Day Dispatch. Free Tees With Every Order from Lost Golf Balls.,in stock,used_like_new,54.99 AUD,,50 Balls,https://www.lostgolfballs.com.au/50-volvik-golf-balls-white.html,https://www.lostgolfballs.com.au/media/catalog/product/v/o/volvik_golf_balls.png,,Volvik,Sporting Goods > Outdoor Recreation > Golf > Golf Balls,Golf Balls > Volvik,Grade:AAAAA/Mint Grade,AAAAA/Mint Grade,
4245-476-3688,4245,50 Volvik Golf Balls Mint/Near Mint Grade,Volvik are one of the most famous brands we have. Play Volvik golf balls for cheap and enjoy a quality brand. Order before 3pm for Same Day Dispatch. Free Tees With Every Order from Lost Golf Balls.,in stock,used_like_new,54.99 AUD,,50 Balls,https://www.lostgolfballs.com.au/50-volvik-golf-balls-white.html,https://www.lostgolfballs.com.au/media/catalog/product/v/o/volvik_golf_balls.png,,Volvik,Sporting Goods > Outdoor Recreation > Golf > Golf Balls,Golf Balls > Volvik,Grade:50 Volvik Golf Balls Mint/Near Mint Grade,50 Volvik Golf Balls Mint/Near Mint Grade,
4245-476-3543,4245,50 Volvik Golf Balls AAA/Standard Grade,Volvik are one of the most famous brands we have. Play Volvik golf balls for cheap and enjoy a quality brand. Order before 3pm for Same Day Dispatch. Free Tees With Every Order from Lost Golf Balls.,in stock,used_good,39.99 AUD,,50 Balls,https://www.lostgolfballs.com.au/50-volvik-golf-balls-white.html,https://www.lostgolfballs.com.au/media/catalog/product/v/o/volvik_golf_balls.png,,Volvik,Sporting Goods > Outdoor Recreation > Golf > Golf Balls,Golf Balls > Volvik,Grade:AAA/Standard Grade,AAA/Standard Grade,
4264-478-3602,,50 Callaway Golf Balls Mint/Near Mint Grade (With Pen Marks),Unbelievable value on Callaway golf balls! Free Tees with every order. Order before 3pm - Same Day Dispatch. Save on your golf balls from Lost Golf Balls.,in stock,used_like_new,49.99 AUD,,50 Balls,https://www.lostgolfballs.com.au/50-callaway-golf-balls-pen.html,https://www.lostgolfballs.com.au/media/catalog/product/m/i/mixed_callaway_used_golf_balls_4_2.jpg,,Callaway,Sporting Goods > Outdoor Recreation > Golf > Golf Balls,Golf Balls > Callaway,,50 Callaway Golf Balls Mint/Near Mint Grade (With Pen Marks),
4278-480-3620,4278,12 Bridgestone E12 Contact AAAAA/Mint Grade,Save Big Money On Bridgestone E12 Contact! Order by 3pm - Same Day Dispatch From Lost Golf Balls.,in stock,used_like_new,22.99 AUD,,12 Balls,https://www.lostgolfballs.com.au/bridgestone-e12-contact.html,https://www.lostgolfballs.com.au/media/catalog/product/b/r/bridgestone_e12_contact.png,,Bridgestone,Sporting Goods > Outdoor Recreation > Golf > Golf Balls,Golf Balls > Bridgestone,Grade:AAAAA/Mint Grade,AAAAA/Mint Grade,
4278-480-3619,4278,12 Bridgestone E12 Contact AAAA/Near Mint Grade,Save Big Money On Bridgestone E12 Contact! Order by 3pm - Same Day Dispatch From Lost Golf Balls.,in stock,used_like_new,19.99 AUD,,12 Balls,https://www.lostgolfballs.com.au/bridgestone-e12-contact.html,https://www.lostgolfballs.com.au/media/catalog/product/b/r/bridgestone_e12_contact.png,,Bridgestone,Sporting Goods > Outdoor Recreation > Golf > Golf Balls,Golf Balls > Bridgestone,Grade:AAAA/Near Mint Grade,AAAA/Near Mint Grade,
4278-480-3618,4278,12 Bridgestone E12 Contact AAA/Standard Grade,Save Big Money On Bridgestone E12 Contact! Order by 3pm - Same Day Dispatch From Lost Golf Balls.,in stock,used_good,11.99 AUD,,12 Balls,https://www.lostgolfballs.com.au/bridgestone-e12-contact.html,https://www.lostgolfballs.com.au/media/catalog/product/b/r/bridgestone_e12_contact.png,,Bridgestone,Sporting Goods > Outdoor Recreation > Golf > Golf Balls,Golf Balls > Bridgestone,Grade:AAA/Standard Grade,AAA/Standard Grade,
4279-481-3626,4279,12 Bridgestone E12 Contact Multi AAAAA/Mint Grade,Save Big Money On Bridgestone E12 Contact MultiColour! Free Tees With Every Order. Order by 3pm - Same Day Dispatch From Lost Golf Balls.,in stock,used_like_new,19.99 AUD,,12 Balls,https://www.lostgolfballs.com.au/bridgestone-e12-contact-multicolour.html,https://www.lostgolfballs.com.au/media/catalog/product/b/r/bridgestone_e12_contact_multicolour.jpg,,Bridgestone,Sporting Goods > Outdoor Recreation > Golf > Golf Balls,Golf Balls > Bridgestone,Grade:AAAAA/Mint Grade,AAAAA/Mint Grade,
4279-481-3625,4279,12 Bridgestone E12 Contact Multi AAAA/Near Mint Grade,Save Big Money On Bridgestone E12 Contact MultiColour! Free Tees With Every Order. Order by 3pm - Same Day Dispatch From Lost Golf Balls.,in stock,used_like_new,17.99 AUD,,12 Balls,https://www.lostgolfballs.com.au/bridgestone-e12-contact-multicolour.html,https://www.lostgolfballs.com.au/media/catalog/product/b/r/bridgestone_e12_contact_multicolour.jpg,,Bridgestone,Sporting Goods > Outdoor Recreation > Golf > Golf Balls,Golf Balls > Bridgestone,Grade:AAAA/Near Mint Grade,AAAA/Near Mint Grade,
4279-481-3624,4279,12 Bridgestone E12 Contact Multi AAA/Standard Grade,Save Big Money On Bridgestone E12 Contact MultiColour! Free Tees With Every Order. Order by 3pm - Same Day Dispatch From Lost Golf Balls.,in stock,used_good,9.99 AUD,,12 Balls,https://www.lostgolfballs.com.au/bridgestone-e12-contact-multicolour.html,https://www.lostgolfballs.com.au/media/catalog/product/b/r/bridgestone_e12_contact_multicolour.jpg,,Bridgestone,Sporting Goods > Outdoor Recreation > Golf > Golf Balls,Golf Balls > Bridgestone,Grade:AAA/Standard Grade,AAA/Standard Grade,
4281-483-3642,,12 Practice Taylormade TP5 AAA/Standard Grade,Taylormade TP5 Practice Golf Balls On Sale! Same Day Dispatch. Free Tees With Every Order.,in stock,used_good,22.99 AUD,,12 Balls,https://www.lostgolfballs.com.au/taylormade-tp5-12-practice.html,https://www.lostgolfballs.com.au/media/catalog/product/t/a/taylormade_tp5_11.jpeg,,TaylorMade,Sporting Goods > Outdoor Recreation > Golf > Golf Balls,Golf Balls > TaylorMade,,Practice,
4283-485-3671,4283,12 Bridgestone E12 Soft Multi AAAAA/Mint Grade,Bridgestone E12 Soft Multicolour - Best Value! Free Tees With Every Order! Order by 3pm - Same Day Dispatch From Lost Golf Balls.,in stock,used_like_new,27.99 AUD,,12 Balls,https://www.lostgolfballs.com.au/bridgestone-e12-soft-multicolour.html,https://www.lostgolfballs.com.au/media/catalog/product/b/r/bridgestone_e12_soft_multicolour.jpg,,Bridgestone,Sporting Goods > Outdoor Recreation > Golf > Golf Balls,Golf Balls > Bridgestone,Grade:AAAAA/Mint Grade,AAAAA/Mint Grade,
4283-485-3670,4283,12 Bridgestone E12 Soft Multi AAAA/Near Mint Grade,Bridgestone E12 Soft Multicolour - Best Value! Free Tees With Every Order! Order by 3pm - Same Day Dispatch From Lost Golf Balls.,in stock,used_like_new,24.99 AUD,,12 Balls,https://www.lostgolfballs.com.au/bridgestone-e12-soft-multicolour.html,https://www.lostgolfballs.com.au/media/catalog/product/b/r/bridgestone_e12_soft_multicolour.jpg,,Bridgestone,Sporting Goods > Outdoor Recreation > Golf > Golf Balls,Golf Balls > Bridgestone,Grade:AAAA/Near Mint Grade,AAAA/Near Mint Grade,
4283-485-3669,4283,12 Bridgestone E12 Soft Multi AAA/Standard Grade,Bridgestone E12 Soft Multicolour - Best Value! Free Tees With Every Order! Order by 3pm - Same Day Dispatch From Lost Golf Balls.,in stock,used_good,19.99 AUD,,12 Balls,https://www.lostgolfballs.com.au/bridgestone-e12-soft-multicolour.html,https://www.lostgolfballs.com.au/media/catalog/product/b/r/bridgestone_e12_soft_multicolour.jpg,,Bridgestone,Sporting Goods > Outdoor Recreation > Golf > Golf Balls,Golf Balls > Bridgestone,Grade:AAA/Standard Grade,AAA/Standard Grade,
4288-486-3683,4288,12 Srixon Z Star/XV Divide AAAA/Near Mint Grade,Srixon Z Star Divide Golf Balls! Free Tees With Every Order. Order by 3pm Business Days - Same Day Dispatch From Lost Golf Balls!,in stock,used_like_new,21.99 AUD,,12 Balls,https://www.lostgolfballs.com.au/srixon-z-star-xv-divide.html,https://www.lostgolfballs.com.au/media/catalog/product/s/r/srixon_z_star_divide.png,,Srixon,Sporting Goods > Outdoor Recreation > Golf > Golf Balls,Golf Balls > Srixon,Grade:AAAA/Near Mint Grade,AAAA/Near Mint Grade,
4288-486-3682,4288,12 Srixon Z Star/XV Divide AAA/Standard Grade,Srixon Z Star Divide Golf Balls! Free Tees With Every Order. Order by 3pm Business Days - Same Day Dispatch From Lost Golf Balls!,in stock,used_good,18.99 AUD,,12 Balls,https://www.lostgolfballs.com.au/srixon-z-star-xv-divide.html,https://www.lostgolfballs.com.au/media/catalog/product/s/r/srixon_z_star_divide.png,,Srixon,Sporting Goods > Outdoor Recreation > Golf > Golf Balls,Golf Balls > Srixon,Grade:AAA/Standard Grade,AAA/Standard Grade,
4288-486-3681,4288,12 Srixon Z Star/XV Divide AA/C Grade,Srixon Z Star Divide Golf Balls! Free Tees With Every Order. Order by 3pm Business Days - Same Day Dispatch From Lost Golf Balls!,in stock,used_fair,16.99 AUD,,12 Balls,https://www.lostgolfballs.com.au/srixon-z-star-xv-divide.html,https://www.lostgolfballs.com.au/media/catalog/product/s/r/srixon_z_star_divide.png,,Srixon,Sporting Goods > Outdoor Recreation > Golf > Golf Balls,Golf Balls > Srixon,Grade:AA/C Grade,AA/C Grade,
4290-487-3694,,50 Titleist Golf Balls Mint/Near Mint Grade (With Pen Marks),"Huge Value In Used Titleist Golf Balls! Huge Special - These Titleist golf balls are available in two grades. We have a mix of our premium ""MINT/NEAR MINT Grade"" and our ""AAA/Standard Grade."" They are so cheap as they have player pen marks and/or corporate logo's on them. This does not stop them being played nor affect the flight at all. They are perfect for comp or social rounds. At this price they are up to 40% cheaper than our standard pricing. VERY limited stock. Titleist are the number 1 name in golf balls as they stand at the pinnacle of the game. There are loads of the more espensive, current Titleist models in here such as TruFeel, Velocity, DT TruSoft, Tour Speed, NXT Tour, NXT Tour S etc. There are also other mixed Titleist models. The mix does not include Pro V1 or Pro V1x. All of these balls have been hand graded twice to ensure quality and represent amazing value. Titleist golf balls retail for anywhere from $35 - $55 a dozen in the pro shops. Grab these while you can!",in stock,used_like_new,54.99 AUD,,50 Balls,https://www.lostgolfballs.com.au/titleist-golf-balls-50-pen.html,https://www.lostgolfballs.com.au/media/catalog/product/t/i/titleist_mix_-_pen_marks.jpg,,Titleist,Sporting Goods > Outdoor Recreation > Golf > Golf Balls,Golf Balls > Titleist,,50 Titleist Golf Balls Mint/Near Mint Grade (With Pen Marks),
4294-488-3705,4294,12 Callaway Chrome Soft X LS AAAAA/Mint Grade,Grab Chrome Soft X LS with free tees! Order before 3om AEST for Same Day Dispatch! Best quality golf balls from Lost Golf Balls.,in stock,used_like_new,39.99 AUD,,12 Balls,https://www.lostgolfballs.com.au/callaway-chrome-soft-x-ls.html,https://www.lostgolfballs.com.au/media/catalog/product/c/a/callaway_chrome_soft_x_ls.png,,Callaway,Sporting Goods > Outdoor Recreation > Golf > Golf Balls,Golf Balls > Callaway,Grade:AAAAA/Mint Grade,AAAAA/Mint Grade,
4294-488-3704,4294,12 Callaway Chrome Soft X LS AAAA/Near Mint Grade,Grab Chrome Soft X LS with free tees! Order before 3om AEST for Same Day Dispatch! Best quality golf balls from Lost Golf Balls.,in stock,used_like_new,39.99 AUD,,12 Balls,https://www.lostgolfballs.com.au/callaway-chrome-soft-x-ls.html,https://www.lostgolfballs.com.au/media/catalog/product/c/a/callaway_chrome_soft_x_ls.png,,Callaway,Sporting Goods > Outdoor Recreation > Golf > Golf Balls,Golf Balls > Callaway,Grade:AAAA/Near Mint Grade,AAAA/Near Mint Grade,
4294-488-3703,4294,12 Callaway Chrome Soft X LS AAA/Standard Grade,Grab Chrome Soft X LS with free tees! Order before 3om AEST for Same Day Dispatch! Best quality golf balls from Lost Golf Balls.,in stock,used_good,22.99 AUD,,12 Balls,https://www.lostgolfballs.com.au/callaway-chrome-soft-x-ls.html,https://www.lostgolfballs.com.au/media/catalog/product/c/a/callaway_chrome_soft_x_ls.png,,Callaway,Sporting Goods > Outdoor Recreation > Golf > Golf Balls,Golf Balls > Callaway,Grade:AAA/Standard Grade,AAA/Standard Grade,
4297-489-3713,,50 Bridgestone Golf Balls Mint/Near Mint (With Pen Marks),"Best Value Bridgestone Golf Balls! E12, E6, E6 Soft, E7 all in here! Free Tees With Every Order at Lost Golf Balls.",in stock,used_like_new,49.99 AUD,,50 Balls,https://www.lostgolfballs.com.au/50-bridgestone-golf-balls-pen.html,https://www.lostgolfballs.com.au/media/catalog/product/b/r/bridgestone_golf_balls_mix.jpeg,,Bridgestone,Sporting Goods > Outdoor Recreation > Golf > Golf Balls,Golf Balls > Bridgestone,,50 Bridgestone Golf Balls Mint/Near Mint (With Pen Marks),
4307-490-4661,,2022 Titleist Pro V1x AAA/Standard Grade - 50 Balls,Cheap 2022 Titleist Pro V1x. Best quality Pro V1x's around. Order by 3pm - Same Day Dispatch. Big Savings At Lost Golf Balls.,in stock,used_good,109.99 AUD,,50 Balls,https://www.lostgolfballs.com.au/titleist-prov1x-2022-50.html,https://www.lostgolfballs.com.au/media/catalog/product/2/0/2021_titleist_pro_v1x_1.jpg,,Titleist,Sporting Goods > Outdoor Recreation > Golf > Golf Balls,Golf Balls > Titleist,,AAA/Standard Grade,
4308-491-4659,4308,2022 Titleist Pro V1 AAAAA/Mint Grade - 50 Balls,50 2022 Titleist Pro V1 - best quality around. Free tees with every order. Order by 3pm - Same Day Dispatch. Big Savings At Lost Golf Balls.,in stock,used_like_new,169.99 AUD,,50 Balls,https://www.lostgolfballs.com.au/titleist-prov1-2022-50.html,https://www.lostgolfballs.com.au/media/catalog/product/2/0/2021_titleist_pro_v1_2.jpg,,Titleist,Sporting Goods > Outdoor Recreation > Golf > Golf Balls,Golf Balls > Titleist,Grade:AAAAA/Mint Grade,AAAAA/Mint Grade,
4308-491-4658,4308,2022 Titleist Pro V1 AAAA/Near Mint Grade - 50 Balls,50 2022 Titleist Pro V1 - best quality around. Free tees with every order. Order by 3pm - Same Day Dispatch. Big Savings At Lost Golf Balls.,in stock,used_like_new,139.99 AUD,,50 Balls,https://www.lostgolfballs.com.au/titleist-prov1-2022-50.html,https://www.lostgolfballs.com.au/media/catalog/product/2/0/2021_titleist_pro_v1_2.jpg,,Titleist,Sporting Goods > Outdoor Recreation > Golf > Golf Balls,Golf Balls > Titleist,Grade:AAAA/Near Mint Grade,AAAA/Near Mint Grade,
4308-491-4657,4308,2022 Titleist Pro V1 AAA/Standard Grade - 50 Balls,50 2022 Titleist Pro V1 - best quality around. Free tees with every order. Order by 3pm - Same Day Dispatch. Big Savings At Lost Golf Balls.,in stock,used_good,109.99 AUD,,50 Balls,https://www.lostgolfballs.com.au/titleist-prov1-2022-50.html,https://www.lostgolfballs.com.au/media/catalog/product/2/0/2021_titleist_pro_v1_2.jpg,,Titleist,Sporting Goods > Outdoor Recreation > Golf > Golf Balls,Golf Balls > Titleist,Grade:AAA/Standard Grade,AAA/Standard Grade,
4321-493-4640,4321,12 Callaway Chrome Soft X LS Triple Track AAAA/Near Mint Grade,Chrome Soft X LS Triple Track with free tees! Unbelievable Quality. Order before 3pm AEST for Same Day Dispatch! Chrome Soft golf balls from Lost Golf Balls.,in stock,used_like_new,36.99 AUD,,12 Balls,https://www.lostgolfballs.com.au/callaway-chrome-soft-x-ls-triple.html,https://www.lostgolfballs.com.au/media/catalog/product/c/a/callaway_chrome_soft_x_ls_1.jpg,,Callaway,Sporting Goods > Outdoor Recreation > Golf > Golf Balls,Golf Balls > Callaway,Grade:AAAA/Near Mint Grade,AAAA/Near Mint Grade,
4321-493-4639,4321,12 Callaway Chrome Soft X LS Triple Track AAA/Standard Grade,Chrome Soft X LS Triple Track with free tees! Unbelievable Quality. Order before 3pm AEST for Same Day Dispatch! Chrome Soft golf balls from Lost Golf Balls.,in stock,used_good,31.99 AUD,,12 Balls,https://www.lostgolfballs.com.au/callaway-chrome-soft-x-ls-triple.html,https://www.lostgolfballs.com.au/media/catalog/product/c/a/callaway_chrome_soft_x_ls_1.jpg,,Callaway,Sporting Goods > Outdoor Recreation > Golf > Golf Balls,Golf Balls > Callaway,Grade:AAA/Standard Grade,AAA/Standard Grade,
4323-494-5003,4323,50 Callaway ERC Soft Mint/Near Mint Grade,Callaway ERC Soft Golf Balls - Huge Savings! Order by 2pm for Same Day Dispatch. Save huge dollars from Lost Golf Balls.,in stock,used_like_new,119.99 AUD,,50 Balls,https://www.lostgolfballs.com.au/callaway-erc-soft-50.html,https://www.lostgolfballs.com.au/media/catalog/product/c/a/callaway_erc_soft_2.png,,Callaway,Sporting Goods > Outdoor Recreation > Golf > Golf Balls,Golf Balls > Callaway,Grade:50 Callaway ERC Soft Mint/Near Mint Grade,50 Callaway ERC Soft Mint/Near Mint Grade,
4323-494-4842,4323,50 Callaway ERC Soft AAA/Standard Grade,Callaway ERC Soft Golf Balls - Huge Savings! Order by 2pm for Same Day Dispatch. Save huge dollars from Lost Golf Balls.,in stock,used_good,79.99 AUD,,50 Balls,https://www.lostgolfballs.com.au/callaway-erc-soft-50.html,https://www.lostgolfballs.com.au/media/catalog/product/c/a/callaway_erc_soft_2.png,,Callaway,Sporting Goods > Outdoor Recreation > Golf > Golf Balls,Golf Balls > Callaway,Grade:AAA/Standard Grade,AAA/Standard Grade,
4332-495-3799,4332,50 Callaway TruVis Mix Mint/Near Mint Grade (With Pen Marks),"Mixed Colour Callaway Chrome Soft Truvis Golf Balls. Legendary service, free tees with all orders!",in stock,used_like_new,139.99 AUD,,50 Balls,https://www.lostgolfballs.com.au/50-callaway-chrome-soft-truvis-mix-pen.html,https://www.lostgolfballs.com.au/media/catalog/product/c/a/callaway_chrome_soft_truvis_mixed_colours_1.jpg,,Callaway,Sporting Goods > Outdoor Recreation > Golf > Golf Balls,Golf Balls > Callaway,Grade:50 Callaway TruVis Mix Mint/Near Mint Grade (With Pen Marks),50 Callaway TruVis Mix Mint/Near Mint Grade (With Pen Marks),
4332-495-4965,4332,50 Callaway TruVis Mix AAA/Standard Grade (With Pen Marks),"Mixed Colour Callaway Chrome Soft Truvis Golf Balls. Legendary service, free tees with all orders!",in stock,used_good,79.99 AUD,,50 Balls,https://www.lostgolfballs.com.au/50-callaway-chrome-soft-truvis-mix-pen.html,https://www.lostgolfballs.com.au/media/catalog/product/c/a/callaway_chrome_soft_truvis_mixed_colours_1.jpg,,Callaway,Sporting Goods > Outdoor Recreation > Golf > Golf Balls,Golf Balls > Callaway,Grade:AAA/Standard Grade,AAA/Standard Grade,
4333-496-3807,4333,12 Bridgestone Tour B Yellow Mix AAAAA/Mint Grade,"Bridgestone Tour B Yellow Golf Balls! Tour B XS, Tour B RXS etc, all Tour B Yellow models are included! Order by 3pm - Same Business Day Dispatch. Save Huge On Tour B Yellow Golf Balls!",in stock,used_like_new,24.99 AUD,,12 Balls,https://www.lostgolfballs.com.au/bridgestone-tour-b-yellow.html,https://www.lostgolfballs.com.au/media/catalog/product/b/r/bridgestone_tour_b_yellow_golf_balls.jpg,,Bridgestone,Sporting Goods > Outdoor Recreation > Golf > Golf Balls,Golf Balls > Bridgestone,Grade:AAAAA/Mint Grade,AAAAA/Mint Grade,
4333-496-3806,4333,12 Bridgestone Tour B Yellow Mix AAAA/Near Mint Grade,"Bridgestone Tour B Yellow Golf Balls! Tour B XS, Tour B RXS etc, all Tour B Yellow models are included! Order by 3pm - Same Business Day Dispatch. Save Huge On Tour B Yellow Golf Balls!",in stock,used_like_new,21.99 AUD,,12 Balls,https://www.lostgolfballs.com.au/bridgestone-tour-b-yellow.html,https://www.lostgolfballs.com.au/media/catalog/product/b/r/bridgestone_tour_b_yellow_golf_balls.jpg,,Bridgestone,Sporting Goods > Outdoor Recreation > Golf > Golf Balls,Golf Balls > Bridgestone,Grade:AAAA/Near Mint Grade,AAAA/Near Mint Grade,
4333-496-3805,4333,12 Bridgestone Tour B Yellow Mix AAA/Standard Grade,"Bridgestone Tour B Yellow Golf Balls! Tour B XS, Tour B RXS etc, all Tour B Yellow models are included! Order by 3pm - Same Business Day Dispatch. Save Huge On Tour B Yellow Golf Balls!",in stock,used_good,19.99 AUD,,12 Balls,https://www.lostgolfballs.com.au/bridgestone-tour-b-yellow.html,https://www.lostgolfballs.com.au/media/catalog/product/b/r/bridgestone_tour_b_yellow_golf_balls.jpg,,Bridgestone,Sporting Goods > Outdoor Recreation > Golf > Golf Balls,Golf Balls > Bridgestone,Grade:AAA/Standard Grade,AAA/Standard Grade,
4336-497-3815,,50 Mixed Colour Golf Balls Practice Grade,Colour Practice Golf Balls at a great price! Free tees with every order from Lost Golf Balls.,in stock,used_fair,23.99 AUD,,50 Balls,https://www.lostgolfballs.com.au/50-practice-colour-golf-balls.html,https://www.lostgolfballs.com.au/media/catalog/product/_/e/_e7eac33ee77ae1d671555094ab5a3402f81b00b5698e5e1a22_pimgpsh_fullsize_distr_3_1_2.jpg,,Lost Golf Balls,Sporting Goods > Outdoor Recreation > Golf > Golf Balls,Golf Balls > Lost Golf Balls,,Mixed,
4344-498-4941,4344,12 Srixon Soft Feel Brite AAAAA/Mint Grade,"Srixon Soft Feel Brite Golf Balls - Red, Orange and Green Matte Srixon Soft Feel. Free Tees with every order from Lost Golf Balls.",in stock,used_like_new,19.99 AUD,,12 Balls,https://www.lostgolfballs.com.au/srixon-soft-feel-brite.html,https://www.lostgolfballs.com.au/media/catalog/product/s/r/srixon_soft_feel_brite_2.jpg,,Srixon,Sporting Goods > Outdoor Recreation > Golf > Golf Balls,Golf Balls > Srixon,Grade:AAAAA/Mint Grade,AAAAA/Mint Grade,
4344-498-3840,4344,12 Srixon Soft Feel Brite AAAA/Near Mint Grade,"Srixon Soft Feel Brite Golf Balls - Red, Orange and Green Matte Srixon Soft Feel. Free Tees with every order from Lost Golf Balls.",in stock,used_like_new,17.99 AUD,,12 Balls,https://www.lostgolfballs.com.au/srixon-soft-feel-brite.html,https://www.lostgolfballs.com.au/media/catalog/product/s/r/srixon_soft_feel_brite_2.jpg,,Srixon,Sporting Goods > Outdoor Recreation > Golf > Golf Balls,Golf Balls > Srixon,Grade:AAAA/Near Mint Grade,AAAA/Near Mint Grade,
4344-498-4940,4344,12 Srixon Soft Feel Brite AAA/Standard Grade,"Srixon Soft Feel Brite Golf Balls - Red, Orange and Green Matte Srixon Soft Feel. Free Tees with every order from Lost Golf Balls.",in stock,used_good,15.99 AUD,,12 Balls,https://www.lostgolfballs.com.au/srixon-soft-feel-brite.html,https://www.lostgolfballs.com.au/media/catalog/product/s/r/srixon_soft_feel_brite_2.jpg,,Srixon,Sporting Goods > Outdoor Recreation > Golf > Golf Balls,Golf Balls > Srixon,Grade:AAA/Standard Grade,AAA/Standard Grade,
4349-500-3882,4349,50 Premium Colour Golf Balls Mint/Near Mint Grade (With Pen Marks),Huge Savings On High Quality Colour Golf Balls! Save Serious Money On Your Colour Golf Balls. Same Day Dispatch and Free Tees with Every Order!,in stock,used_like_new,69.99 AUD,,50 Balls,https://www.lostgolfballs.com.au/premium-colour-mix-50-pen.html,https://www.lostgolfballs.com.au/media/catalog/product/p/r/premium_colour_1.png,,Lost Golf Balls,Sporting Goods > Outdoor Recreation > Golf > Golf Balls,Golf Balls > Lost Golf Balls,Grade:50 Premium Colour Golf Balls Mint/Near Mint Grade (With Pen Marks),50 Premium Colour Golf Balls Mint/Near Mint Grade (With Pen Marks),
4349-500-3881,4349,50 Premium Colour Golf Balls AAA/Standard Grade (With Pen Marks),Huge Savings On High Quality Colour Golf Balls! Save Serious Money On Your Colour Golf Balls. Same Day Dispatch and Free Tees with Every Order!,in stock,used_good,49.99 AUD,,50 Balls,https://www.lostgolfballs.com.au/premium-colour-mix-50-pen.html,https://www.lostgolfballs.com.au/media/catalog/product/p/r/premium_colour_1.png,,Lost Golf Balls,Sporting Goods > Outdoor Recreation > Golf > Golf Balls,Golf Balls > Lost Golf Balls,Grade:AAA/Standard Grade,AAA/Standard Grade,
4358-501-3888,,50 Callaway Chrome Soft Mint/Near Mint Grade (With Pen Marks),Best quality Callaway Chrome Soft Around. Order by 3pm Same Day Dispatch! Free Tees from Lost Golf Balls.,in stock,used_like_new,129.99 AUD,,50 Balls,https://www.lostgolfballs.com.au/callaway-chrome-soft-pen-50.html,https://www.lostgolfballs.com.au/media/catalog/product/c/a/callaway_chrome_soft_1_small.jpg,,Callaway,Sporting Goods > Outdoor Recreation > Golf > Golf Balls,Golf Balls > Callaway,,50 Callaway Chrome Soft Mint/Near Mint Grade (With Pen Marks),
4359-502-3894,4359,50 Callaway Chrome Soft Triple Track Mint/Near Mint Grade (With Pen Marks),Cheapest way to play Callaway Chrome Soft Triple Track. Free Tees with Every Order. Best Value and Quality From Lost Golf Balls. Fast Shipping.,in stock,used_like_new,149.99 AUD,,50 Balls,https://www.lostgolfballs.com.au/callaway-chrome-soft-triple-track-50-pen.html,https://www.lostgolfballs.com.au/media/catalog/product/c/a/callaway_chrome_soft_triple_track_small.jpg,,Callaway,Sporting Goods > Outdoor Recreation > Golf > Golf Balls,Golf Balls > Callaway,Grade:50 Callaway Chrome Soft Triple Track Mint/Near Mint Grade (With Pen Marks),50 Callaway Chrome Soft Triple Track Mint/Near Mint Grade (With Pen Marks),
4359-502-3893,4359,50 Callaway Chrome Soft Triple Track AAA/Standard Grade (With Pen Marks),Cheapest way to play Callaway Chrome Soft Triple Track. Free Tees with Every Order. Best Value and Quality From Lost Golf Balls. Fast Shipping.,in stock,used_good,99.99 AUD,,50 Balls,https://www.lostgolfballs.com.au/callaway-chrome-soft-triple-track-50-pen.html,https://www.lostgolfballs.com.au/media/catalog/product/c/a/callaway_chrome_soft_triple_track_small.jpg,,Callaway,Sporting Goods > Outdoor Recreation > Golf > Golf Balls,Golf Balls > Callaway,Grade:AAA/Standard Grade,AAA/Standard Grade,
4360-503-3900,4360,50 Callaway ERC Soft Mint/Near Mint Grade (With Pen Marks),Best Value way to play Callaway ERC Soft Golf Balls - Huge Savings! Order by 3pm for Same Day Dispatch. Free Tees with all orders from Lost Golf Balls.,in stock,used_like_new,89.99 AUD,,50 Balls,https://www.lostgolfballs.com.au/callaway-erc-soft-50-pen.html,https://www.lostgolfballs.com.au/media/catalog/product/c/a/callaway_erc_soft_1_small.jpg,,Callaway,Sporting Goods > Outdoor Recreation > Golf > Golf Balls,Golf Balls > Callaway,Grade:50 Callaway ERC Soft Mint/Near Mint Grade (With Pen Marks),50 Callaway ERC Soft Mint/Near Mint Grade (With Pen Marks),
4360-503-3899,4360,50 Callaway ERC Soft AAA/Standard Grade (With Pen Marks),Best Value way to play Callaway ERC Soft Golf Balls - Huge Savings! Order by 3pm for Same Day Dispatch. Free Tees with all orders from Lost Golf Balls.,in stock,used_good,79.99 AUD,,50 Balls,https://www.lostgolfballs.com.au/callaway-erc-soft-50-pen.html,https://www.lostgolfballs.com.au/media/catalog/product/c/a/callaway_erc_soft_1_small.jpg,,Callaway,Sporting Goods > Outdoor Recreation > Golf > Golf Balls,Golf Balls > Callaway,Grade:AAA/Standard Grade,AAA/Standard Grade,
4361-504-3905,4361,50 Bridgestone Tour B Mix Mint/Near Mint Grade (With Pen Marks),"Best Value way to play Bridgestone Tour B Golf Balls! Tour B XS, Tour B RXS etc, all Tour B models are included! Order by 3pm - Same Business Day Dispatch. Free Tees with all orders from Lost Golf Balls!",in stock,used_like_new,119.99 AUD,,50 Balls,https://www.lostgolfballs.com.au/bridgestone-tour-b-50-pen.html,https://www.lostgolfballs.com.au/media/catalog/product/b/r/bridgestone_tour_b_mix_1_small.jpg,,Bridgestone,Sporting Goods > Outdoor Recreation > Golf > Golf Balls,Golf Balls > Bridgestone,Grade:50 Bridgestone Tour B Mix Mint/Near Mint Grade (With Pen Marks),50 Bridgestone Tour B Mix Mint/Near Mint Grade (With Pen Marks),
4361-504-3904,4361,50 Bridgestone Tour B Mix AAA/Standard Grade (With Pen Marks),"Best Value way to play Bridgestone Tour B Golf Balls! Tour B XS, Tour B RXS etc, all Tour B models are included! Order by 3pm - Same Business Day Dispatch. Free Tees with all orders from Lost Golf Balls!",in stock,used_good,89.99 AUD,,50 Balls,https://www.lostgolfballs.com.au/bridgestone-tour-b-50-pen.html,https://www.lostgolfballs.com.au/media/catalog/product/b/r/bridgestone_tour_b_mix_1_small.jpg,,Bridgestone,Sporting Goods > Outdoor Recreation > Golf > Golf Balls,Golf Balls > Bridgestone,Grade:AAA/Standard Grade,AAA/Standard Grade,
4366-505-4994,4366,50 Bridgestone E12 Contact AAAAA/Mint Grade,Best Value Bridgestone E12 Contact! Free Tees with Every Order. Lightning Fast Order Dispatch from Lost Golf Balls.,in stock,used_like_new,79.99 AUD,,50 Balls,https://www.lostgolfballs.com.au/bridgestone-e12-contact-50.html,https://www.lostgolfballs.com.au/media/catalog/product/b/r/bridgestone_e12_contact_2.png,,Bridgestone,Sporting Goods > Outdoor Recreation > Golf > Golf Balls,Golf Balls > Bridgestone,Grade:AAAAA/Mint Grade,AAAAA/Mint Grade,
4366-505-4993,4366,50 Bridgestone E12 Contact AAAA/Near Mint Grade,Best Value Bridgestone E12 Contact! Free Tees with Every Order. Lightning Fast Order Dispatch from Lost Golf Balls.,in stock,used_like_new,69.99 AUD,,50 Balls,https://www.lostgolfballs.com.au/bridgestone-e12-contact-50.html,https://www.lostgolfballs.com.au/media/catalog/product/b/r/bridgestone_e12_contact_2.png,,Bridgestone,Sporting Goods > Outdoor Recreation > Golf > Golf Balls,Golf Balls > Bridgestone,Grade:AAAA/Near Mint Grade,AAAA/Near Mint Grade,
4366-505-4381,4366,50 Bridgestone E12 Contact AAA/Standard Grade,Best Value Bridgestone E12 Contact! Free Tees with Every Order. Lightning Fast Order Dispatch from Lost Golf Balls.,in stock,used_good,49.99 AUD,,50 Balls,https://www.lostgolfballs.com.au/bridgestone-e12-contact-50.html,https://www.lostgolfballs.com.au/media/catalog/product/b/r/bridgestone_e12_contact_2.png,,Bridgestone,Sporting Goods > Outdoor Recreation > Golf > Golf Balls,Golf Balls > Bridgestone,Grade:AAA/Standard Grade,AAA/Standard Grade,
4369-506-3915,,50 Bridgestone Tour B XS AAA/Standard Grade (With Pen Marks),"Bridgestone Tour B XS at best price around! Lightning fast order dispatch, Free tees with every order from Lost Golf Balls.",in stock,used_good,59.99 AUD,,50 Balls,https://www.lostgolfballs.com.au/bridgestone-b-xs-pen-50.html,https://www.lostgolfballs.com.au/media/catalog/product/b/r/bridgestone_tour_b_xs_golf_balls_3_1.png,,Bridgestone,Sporting Goods > Outdoor Recreation > Golf > Golf Balls,Golf Balls > Bridgestone,,AAA/Standard Grade,
4379-507-3927,4379,12 Titleist Tour Speed Yellow AAAAA/Mint Grade,Titleist Tour Speed Yellow unreal pricing! Free tees with EVERY ORDER. Lightning fast order dispatch from Lost Golf Balls.,in stock,used_like_new,26.99 AUD,,12 Balls,https://www.lostgolfballs.com.au/titleist-tour-speed-yellow.html,https://www.lostgolfballs.com.au/media/catalog/product/t/i/titleist_tour_speed_yellow.jpg,,Titleist,Sporting Goods > Outdoor Recreation > Golf > Golf Balls,Golf Balls > Titleist,Grade:AAAAA/Mint Grade,AAAAA/Mint Grade,
4379-507-3926,4379,12 Titleist Tour Speed Yellow AAAA/Near Mint Grade,Titleist Tour Speed Yellow unreal pricing! Free tees with EVERY ORDER. Lightning fast order dispatch from Lost Golf Balls.,in stock,used_like_new,21.99 AUD,,12 Balls,https://www.lostgolfballs.com.au/titleist-tour-speed-yellow.html,https://www.lostgolfballs.com.au/media/catalog/product/t/i/titleist_tour_speed_yellow.jpg,,Titleist,Sporting Goods > Outdoor Recreation > Golf > Golf Balls,Golf Balls > Titleist,Grade:AAAA/Near Mint Grade,AAAA/Near Mint Grade,
4380-508-3933,4380,50 Bridgestone E12 Contact Multi AAAAA/Mint Grade,Save Big Money On 50 packs of Bridgestone E12 Contact MultiColour! Order by 3pm - Same Day Dispatch From Lost Golf Balls.,in stock,used_like_new,69.99 AUD,,50 Balls,https://www.lostgolfballs.com.au/bridgestone-e12-contact-multicolour-50.html,https://www.lostgolfballs.com.au/media/catalog/product/b/r/bridgestone_e12_contact_multicolour_1.jpg,,Bridgestone,Sporting Goods > Outdoor Recreation > Golf > Golf Balls,Golf Balls > Bridgestone,Grade:AAAAA/Mint Grade,AAAAA/Mint Grade,
4380-508-3932,4380,50 Bridgestone E12 Contact Multi AAAA/Near Mint Grade,Save Big Money On 50 packs of Bridgestone E12 Contact MultiColour! Order by 3pm - Same Day Dispatch From Lost Golf Balls.,in stock,used_like_new,74.99 AUD,,50 Balls,https://www.lostgolfballs.com.au/bridgestone-e12-contact-multicolour-50.html,https://www.lostgolfballs.com.au/media/catalog/product/b/r/bridgestone_e12_contact_multicolour_1.jpg,,Bridgestone,Sporting Goods > Outdoor Recreation > Golf > Golf Balls,Golf Balls > Bridgestone,Grade:AAAA/Near Mint Grade,AAAA/Near Mint Grade,
4380-508-3931,4380,50 Bridgestone E12 Contact Multi AAA/Standard Grade,Save Big Money On 50 packs of Bridgestone E12 Contact MultiColour! Order by 3pm - Same Day Dispatch From Lost Golf Balls.,in stock,used_good,54.99 AUD,,50 Balls,https://www.lostgolfballs.com.au/bridgestone-e12-contact-multicolour-50.html,https://www.lostgolfballs.com.au/media/catalog/product/b/r/bridgestone_e12_contact_multicolour_1.jpg,,Bridgestone,Sporting Goods > Outdoor Recreation > Golf > Golf Balls,Golf Balls > Bridgestone,Grade:AAA/Standard Grade,AAA/Standard Grade,
4392-510-3944,4392,50 Taylormade TP5 Mint/Near Mint Grade (With Pen Marks),Best Pricing on 50 Taylormade TP5 and TP5x Golf Balls! Free Tees with every order at Lost Golf Balls.,in stock,used_like_new,149.99 AUD,,50 Balls,https://www.lostgolfballs.com.au/taylormade-tp5-pen-50.html,https://www.lostgolfballs.com.au/media/catalog/product/t/a/taylormade_tp5_5_2.jpeg,,TaylorMade,Sporting Goods > Outdoor Recreation > Golf > Golf Balls,Golf Balls > TaylorMade,Grade:50 Taylormade TP5 Mint/Near Mint Grade (With Pen Marks),50 Taylormade TP5 Mint/Near Mint Grade (With Pen Marks),
4392-510-3943,4392,50 Taylormade TP5 AAA/Standard Grade (With Pen Marks),Best Pricing on 50 Taylormade TP5 and TP5x Golf Balls! Free Tees with every order at Lost Golf Balls.,in stock,used_good,124.99 AUD,,50 Balls,https://www.lostgolfballs.com.au/taylormade-tp5-pen-50.html,https://www.lostgolfballs.com.au/media/catalog/product/t/a/taylormade_tp5_5_2.jpeg,,TaylorMade,Sporting Goods > Outdoor Recreation > Golf > Golf Balls,Golf Balls > TaylorMade,Grade:AAA/Standard Grade,AAA/Standard Grade,
4393-511-3947,,50 Taylormade TP5x AAA/Standard Grade (With Pen Marks),Best quality and pricing on Taylormade TP5x Golf Balls! Lost Golf Balls provides free tees with every order as well as lightning fast order dispatch.,in stock,used_good,124.99 AUD,,50 Balls,https://www.lostgolfballs.com.au/taylormade-tp5x-pen-50.html,https://www.lostgolfballs.com.au/media/catalog/product/t/a/taylormade_tp5x_4_1.jpg,,TaylorMade,Sporting Goods > Outdoor Recreation > Golf > Golf Balls,Golf Balls > TaylorMade,,AAA/Standard Grade,
4397-515-3966,,12 Taylormade TP5x Yellow Mint/Near Mint Grade (with Pen Marks),Taylormade TP5x Yellow Golf Balls at Sharp Prices! Free Tees With Taylormade TP5x Yellow Orders from Lost Golf Balls!,in stock,used_like_new,35.99 AUD,,12 Balls,https://www.lostgolfballs.com.au/taylormade-tp5x-12-yellow-12-pen.html,https://www.lostgolfballs.com.au/media/catalog/product/t/a/taylormade_tp5x_yellow_1.jpeg,,TaylorMade,Sporting Goods > Outdoor Recreation > Golf > Golf Balls,Golf Balls > TaylorMade,,12 Taylormade TP5x Yellow Mint/Near Mint Grade (with Pen Marks),
4404-516-3974,4404,12 Taylormade Tour Response Stripe AAAAA/Mint Grade,Taylormade Tour Response Stripe - best quality at RIDICULOUS prices at sharp prices! Save up to $30 per dozen at Lost Golf Balls. Free tees with every order :-),in stock,used_like_new,39.99 AUD,,12 Balls,https://www.lostgolfballs.com.au/taylormade-tour-response-stripe.html,https://www.lostgolfballs.com.au/media/catalog/product/t/o/tour_response_stripe.jpg,,TaylorMade,Sporting Goods > Outdoor Recreation > Golf > Golf Balls,Golf Balls > TaylorMade,Grade:AAAAA/Mint Grade,AAAAA/Mint Grade,
4404-516-3973,4404,12 Taylormade Tour Response Stripe AAAA/Near Mint Grade,Taylormade Tour Response Stripe - best quality at RIDICULOUS prices at sharp prices! Save up to $30 per dozen at Lost Golf Balls. Free tees with every order :-),in stock,used_like_new,33.99 AUD,,12 Balls,https://www.lostgolfballs.com.au/taylormade-tour-response-stripe.html,https://www.lostgolfballs.com.au/media/catalog/product/t/o/tour_response_stripe.jpg,,TaylorMade,Sporting Goods > Outdoor Recreation > Golf > Golf Balls,Golf Balls > TaylorMade,Grade:AAAA/Near Mint Grade,AAAA/Near Mint Grade,
4404-516-3972,4404,12 Taylormade Tour Response Stripe AAA/Standard Grade,Taylormade Tour Response Stripe - best quality at RIDICULOUS prices at sharp prices! Save up to $30 per dozen at Lost Golf Balls. Free tees with every order :-),in stock,used_good,29.99 AUD,,12 Balls,https://www.lostgolfballs.com.au/taylormade-tour-response-stripe.html,https://www.lostgolfballs.com.au/media/catalog/product/t/o/tour_response_stripe.jpg,,TaylorMade,Sporting Goods > Outdoor Recreation > Golf > Golf Balls,Golf Balls > TaylorMade,Grade:AAA/Standard Grade,AAA/Standard Grade,
4404-516-5072,4404,12 Taylormade Tour Response Stripe AA/C Grade,Taylormade Tour Response Stripe - best quality at RIDICULOUS prices at sharp prices! Save up to $30 per dozen at Lost Golf Balls. Free tees with every order :-),in stock,used_fair,19.99 AUD,,12 Balls,https://www.lostgolfballs.com.au/taylormade-tour-response-stripe.html,https://www.lostgolfballs.com.au/media/catalog/product/t/o/tour_response_stripe.jpg,,TaylorMade,Sporting Goods > Outdoor Recreation > Golf > Golf Balls,Golf Balls > TaylorMade,Grade:AA/C Grade,AA/C Grade,
4419-519-4733,,50 Callaway Chrome Soft Triple Track AAA/Standard Grade,50 Callaway Chrome Soft Triple Track. Best Value and Quality From Lost Golf Balls. Fast Shipping.,in stock,used_good,109.99 AUD,,50 Balls,https://www.lostgolfballs.com.au/callaway-chrome-soft-triple-track-50.html,https://www.lostgolfballs.com.au/media/catalog/product/c/a/callaway_chrome_soft_triple_track_4.jpg,,Callaway,Sporting Goods > Outdoor Recreation > Golf > Golf Balls,Golf Balls > Callaway,,AAA/Standard Grade,
4420-520-4024,4420,50 Callaway Chrome Soft X Triple Track AAA/Standard Grade,50 Callaway Chrome Soft X Triple TrackGolf Balls. Order Golf Balls Before 3pm For Same Day Dispatch!,in stock,used_good,139.99 AUD,,50 Balls,https://www.lostgolfballs.com.au/callaway-chrome-soft-x-triple-50.html,https://www.lostgolfballs.com.au/media/catalog/product/c/a/callaway_chrome_soft_x_triple_track_1.png,,Callaway,Sporting Goods > Outdoor Recreation > Golf > Golf Balls,Golf Balls > Callaway,Grade:AAA/Standard Grade,AAA/Standard Grade,
4420-520-4023,4420,50 Callaway Chrome Soft X Triple Track AA/C Grade,50 Callaway Chrome Soft X Triple TrackGolf Balls. Order Golf Balls Before 3pm For Same Day Dispatch!,in stock,used_fair,74.99 AUD,,50 Balls,https://www.lostgolfballs.com.au/callaway-chrome-soft-x-triple-50.html,https://www.lostgolfballs.com.au/media/catalog/product/c/a/callaway_chrome_soft_x_triple_track_1.png,,Callaway,Sporting Goods > Outdoor Recreation > Golf > Golf Balls,Golf Balls > Callaway,Grade:AA/C Grade,AA/C Grade,
4428-521-4076,4428,12 Callaway Chrome Soft Practice Mint/Near Mint Grade,Best Value Callaway Chrome Soft Practcie Golf Balls. Free Tees with Every Order at Lost Golf Balls. Fast Shipping.,in stock,used_like_new,29.99 AUD,,12 Balls,https://www.lostgolfballs.com.au/callaway-chrome-soft-practice.html,https://www.lostgolfballs.com.au/media/catalog/product/c/a/callaway_chrome_soft_practice_golf_balls.jpg,,Callaway,Sporting Goods > Outdoor Recreation > Golf > Golf Balls,Golf Balls > Callaway,Grade:Practice,Practice,
4428-521-4075,4428,12 Callaway Chrome Soft Practice AAA/Standard Grade,Best Value Callaway Chrome Soft Practcie Golf Balls. Free Tees with Every Order at Lost Golf Balls. Fast Shipping.,in stock,used_good,19.99 AUD,,12 Balls,https://www.lostgolfballs.com.au/callaway-chrome-soft-practice.html,https://www.lostgolfballs.com.au/media/catalog/product/c/a/callaway_chrome_soft_practice_golf_balls.jpg,,Callaway,Sporting Goods > Outdoor Recreation > Golf > Golf Balls,Golf Balls > Callaway,Grade:Practice,Practice,
4442-523-4773,,50 Taylormade Soft Response AAAAA/Mint Grade,Best Value Taylormade Soft Response! Free Tees with Every Order. Lightning Fast Order Dispatch from Lost Golf Balls.,in stock,used_like_new,69.99 AUD,,50 Balls,https://www.lostgolfballs.com.au/taylormade-soft-response-50.html,https://www.lostgolfballs.com.au/media/catalog/product/t/a/taylormade_soft_response.jpg,,TaylorMade,Sporting Goods > Outdoor Recreation > Golf > Golf Balls,Golf Balls > TaylorMade,,AAAAA/Mint Grade,
4451-524-5044,4451,12 2024 Titleist Pro V1 Mint/Near Mint Grade,2024 Titleist Pro V1 at incredible prices. Free Tees With Every Order. Big Savings At Lost Golf Balls.,in stock,used_like_new,34.99 AUD,,12 Balls,https://www.lostgolfballs.com.au/titleist-prov1-2024.html,https://www.lostgolfballs.com.au/media/catalog/product/2/0/2023_titleist_pro_v1.png,,Titleist,Sporting Goods > Outdoor Recreation > Golf > Golf Balls,Golf Balls > Titleist,Grade:12 2024 Titleist Pro V1 Mint/Near Mint Grade,12 2024 Titleist Pro V1 Mint/Near Mint Grade,
4451-524-4799,4451,12 2024 Titleist Pro V1 AAA/Standard Grade,2024 Titleist Pro V1 at incredible prices. Free Tees With Every Order. Big Savings At Lost Golf Balls.,in stock,used_good,34.99 AUD,,12 Balls,https://www.lostgolfballs.com.au/titleist-prov1-2024.html,https://www.lostgolfballs.com.au/media/catalog/product/2/0/2023_titleist_pro_v1.png,,Titleist,Sporting Goods > Outdoor Recreation > Golf > Golf Balls,Golf Balls > Titleist,Grade:AAA/Standard Grade,AAA/Standard Grade,
4451-524-4798,4451,12 2024 Titleist Pro V1 AA/C Grade,2024 Titleist Pro V1 at incredible prices. Free Tees With Every Order. Big Savings At Lost Golf Balls.,in stock,used_fair,15.99 AUD,,12 Balls,https://www.lostgolfballs.com.au/titleist-prov1-2024.html,https://www.lostgolfballs.com.au/media/catalog/product/2/0/2023_titleist_pro_v1.png,,Titleist,Sporting Goods > Outdoor Recreation > Golf > Golf Balls,Golf Balls > Titleist,Grade:AA/C Grade,AA/C Grade,
4452-525-4802,,12 2024 Titleist Pro V1x AA/C Grade,2024 Titleist Pro V1x at Superb Pricing. Grab Free Tees With Every Order. Big Savings At Lost Golf Balls.,in stock,used_fair,16.99 AUD,,12 Balls,https://www.lostgolfballs.com.au/titleist-prov1x-2024.html,https://www.lostgolfballs.com.au/media/catalog/product/2/0/2023_titleist_pro_v1x.png,,Titleist,Sporting Goods > Outdoor Recreation > Golf > Golf Balls,Golf Balls > Titleist,,AA/C Grade,
4467-527-4956,4467,12 Srixon Q Star Tour Divide Mint/Near Mint Grade,"Srixon Q Star Tour Divide Golf Balls! 3 Bright Colour Variations - Order by 3pm AEST - Same Day Dispatch! Srixon, Titleist, Callaway, Bridgestone, All Your Favourites At Lost Golf Balls.",in stock,used_like_new,29.99 AUD,,12 Balls,https://www.lostgolfballs.com.au/srixon-q-star-tour-divide.html,https://www.lostgolfballs.com.au/media/catalog/product/s/r/srixon_q_star_divide.jpg,,Srixon,Sporting Goods > Outdoor Recreation > Golf > Golf Balls,Golf Balls > Srixon,Grade:12 Srixon Q Star Tour Divide Mint/Near Mint Grade,12 Srixon Q Star Tour Divide Mint/Near Mint Grade,
4467-527-4488,4467,12 Srixon Q Star Tour Divide AAA/Standard Grade,"Srixon Q Star Tour Divide Golf Balls! 3 Bright Colour Variations - Order by 3pm AEST - Same Day Dispatch! Srixon, Titleist, Callaway, Bridgestone, All Your Favourites At Lost Golf Balls.",in stock,used_good,21.99 AUD,,12 Balls,https://www.lostgolfballs.com.au/srixon-q-star-tour-divide.html,https://www.lostgolfballs.com.au/media/catalog/product/s/r/srixon_q_star_divide.jpg,,Srixon,Sporting Goods > Outdoor Recreation > Golf > Golf Balls,Golf Balls > Srixon,Grade:AAA/Standard Grade,AAA/Standard Grade,
4479-528-4500,4479,2022 Titleist Pro V1 AAAAA/Mint Grade - 100 Balls,100 2022 Titleist Pro V1 - extreme quality and value Free tees with every order. Order by 3pm - Same Day Dispatch. Huge Savings At Lost Golf Balls.,in stock,used_like_new,369.99 AUD,,100 Balls,https://www.lostgolfballs.com.au/titleist-prov1-2022-100.html,https://www.lostgolfballs.com.au/media/catalog/product/2/0/2021_titleist_pro_v1_2_1.jpg,,Titleist,Sporting Goods > Outdoor Recreation > Golf > Golf Balls,Golf Balls > Titleist,Grade:AAAAA/Mint Grade,AAAAA/Mint Grade,
4479-528-4501,4479,2022 Titleist Pro V1 AAAA/Near Mint Grade - 100 Balls,100 2022 Titleist Pro V1 - extreme quality and value Free tees with every order. Order by 3pm - Same Day Dispatch. Huge Savings At Lost Golf Balls.,in stock,used_like_new,279.99 AUD,,100 Balls,https://www.lostgolfballs.com.au/titleist-prov1-2022-100.html,https://www.lostgolfballs.com.au/media/catalog/product/2/0/2021_titleist_pro_v1_2_1.jpg,,Titleist,Sporting Goods > Outdoor Recreation > Golf > Golf Balls,Golf Balls > Titleist,Grade:AAAA/Near Mint Grade,AAAA/Near Mint Grade,
4479-528-4503,4479,2022 Titleist Pro V1 AAA/Standard Grade - 100 Balls,100 2022 Titleist Pro V1 - extreme quality and value Free tees with every order. Order by 3pm - Same Day Dispatch. Huge Savings At Lost Golf Balls.,in stock,used_good,209.99 AUD,,100 Balls,https://www.lostgolfballs.com.au/titleist-prov1-2022-100.html,https://www.lostgolfballs.com.au/media/catalog/product/2/0/2021_titleist_pro_v1_2_1.jpg,,Titleist,Sporting Goods > Outdoor Recreation > Golf > Golf Balls,Golf Balls > Titleist,Grade:AAA/Standard Grade,AAA/Standard Grade,
4480-529-4510,4480,2022 Titleist Pro V1x AAAAA/Mint Grade - 100 Balls,Cheap 2022 Titleist Pro V1x in 100 Packs. Best quality Pro V1x's you will find - get some! Order by 3pm - Same Day Dispatch. Ripper Savings At Lost Golf Balls.,in stock,used_like_new,349.99 AUD,,100 Balls,https://www.lostgolfballs.com.au/titleist-prov1x-2022-100.html,https://www.lostgolfballs.com.au/media/catalog/product/2/0/2021_titleist_pro_v1x_1_1.jpg,,Titleist,Sporting Goods > Outdoor Recreation > Golf > Golf Balls,Golf Balls > Titleist,Grade:AAAAA/Mint Grade,AAAAA/Mint Grade,
4480-529-4509,4480,2022 Titleist Pro V1x AAAA/Near Mint Grade - 100 Balls,Cheap 2022 Titleist Pro V1x in 100 Packs. Best quality Pro V1x's you will find - get some! Order by 3pm - Same Day Dispatch. Ripper Savings At Lost Golf Balls.,in stock,used_like_new,309.99 AUD,,100 Balls,https://www.lostgolfballs.com.au/titleist-prov1x-2022-100.html,https://www.lostgolfballs.com.au/media/catalog/product/2/0/2021_titleist_pro_v1x_1_1.jpg,,Titleist,Sporting Goods > Outdoor Recreation > Golf > Golf Balls,Golf Balls > Titleist,Grade:AAAA/Near Mint Grade,AAAA/Near Mint Grade,
4480-529-4508,4480,2022 Titleist Pro V1x AAA/Standard Grade - 100 Balls,Cheap 2022 Titleist Pro V1x in 100 Packs. Best quality Pro V1x's you will find - get some! Order by 3pm - Same Day Dispatch. Ripper Savings At Lost Golf Balls.,in stock,used_good,199.99 AUD,,100 Balls,https://www.lostgolfballs.com.au/titleist-prov1x-2022-100.html,https://www.lostgolfballs.com.au/media/catalog/product/2/0/2021_titleist_pro_v1x_1_1.jpg,,Titleist,Sporting Goods > Outdoor Recreation > Golf > Golf Balls,Golf Balls > Titleist,Grade:AAA/Standard Grade,AAA/Standard Grade,
4498-530-4674,4498,50 Srixon Z Star Diamond AAAAA/Mint Grade,50 Srixon Z Star Diamond Golf Balls. Free Tees With Every Z Star Diamond Order From Lost Golf Balls.,in stock,used_like_new,139.99 AUD,,50 Balls,https://www.lostgolfballs.com.au/srixon-z-star-diamond-50.html,https://www.lostgolfballs.com.au/media/catalog/product/s/r/srixon_z_star_diamond.jpg,,Srixon,Sporting Goods > Outdoor Recreation > Golf > Golf Balls,Golf Balls > Srixon,Grade:AAAAA/Mint Grade,AAAAA/Mint Grade,
4498-530-4673,4498,50 Srixon Z Star Diamond AAAA/Near Mint Grade,50 Srixon Z Star Diamond Golf Balls. Free Tees With Every Z Star Diamond Order From Lost Golf Balls.,in stock,used_like_new,124.99 AUD,,50 Balls,https://www.lostgolfballs.com.au/srixon-z-star-diamond-50.html,https://www.lostgolfballs.com.au/media/catalog/product/s/r/srixon_z_star_diamond.jpg,,Srixon,Sporting Goods > Outdoor Recreation > Golf > Golf Balls,Golf Balls > Srixon,Grade:AAAA/Near Mint Grade,AAAA/Near Mint Grade,
4498-530-4672,4498,50 Srixon Z Star Diamond AAA/Standard Grade,50 Srixon Z Star Diamond Golf Balls. Free Tees With Every Z Star Diamond Order From Lost Golf Balls.,in stock,used_good,119.99 AUD,,50 Balls,https://www.lostgolfballs.com.au/srixon-z-star-diamond-50.html,https://www.lostgolfballs.com.au/media/catalog/product/s/r/srixon_z_star_diamond.jpg,,Srixon,Sporting Goods > Outdoor Recreation > Golf > Golf Balls,Golf Balls > Srixon,Grade:AAA/Standard Grade,AAA/Standard Grade,
4498-530-4671,4498,50 Srixon Z Star Diamond AA/C Grade,50 Srixon Z Star Diamond Golf Balls. Free Tees With Every Z Star Diamond Order From Lost Golf Balls.,in stock,used_fair,69.99 AUD,,50 Balls,https://www.lostgolfballs.com.au/srixon-z-star-diamond-50.html,https://www.lostgolfballs.com.au/media/catalog/product/s/r/srixon_z_star_diamond.jpg,,Srixon,Sporting Goods > Outdoor Recreation > Golf > Golf Balls,Golf Balls > Srixon,Grade:AA/C Grade,AA/C Grade,
4507-531-4952,4507,2024 Titleist Pro V1 Mint/Near Mint Grade - 50 Balls,2024 Titleist Pro V1 50 packs with huge savings from Lost Golf Balls. Superb quality Titleist Pro V1 golf balls at ripper pricing.,in stock,used_like_new,154.99 AUD,,50 Balls,https://www.lostgolfballs.com.au/titleist-prov1-2024-50.html,https://www.lostgolfballs.com.au/media/catalog/product/2/0/2023_titleist_pro_v1_2.png,,Titleist,Sporting Goods > Outdoor Recreation > Golf > Golf Balls,Golf Balls > Titleist,Grade:2024 Titleist Pro V1 Mint/Near Mint Grade - 50 Balls,2024 Titleist Pro V1 Mint/Near Mint Grade - 50 Balls,
4507-531-4810,4507,2024 Titleist Pro V1 AAA/Standard Grade - 50 Balls,2024 Titleist Pro V1 50 packs with huge savings from Lost Golf Balls. Superb quality Titleist Pro V1 golf balls at ripper pricing.,in stock,used_good,109.99 AUD,,50 Balls,https://www.lostgolfballs.com.au/titleist-prov1-2024-50.html,https://www.lostgolfballs.com.au/media/catalog/product/2/0/2023_titleist_pro_v1_2.png,,Titleist,Sporting Goods > Outdoor Recreation > Golf > Golf Balls,Golf Balls > Titleist,Grade:AAA/Standard Grade,AAA/Standard Grade,
4507-531-4809,4507,2024 Titleist Pro V1 AA/C Grade - 50 Balls,2024 Titleist Pro V1 50 packs with huge savings from Lost Golf Balls. Superb quality Titleist Pro V1 golf balls at ripper pricing.,in stock,used_fair,63.99 AUD,,50 Balls,https://www.lostgolfballs.com.au/titleist-prov1-2024-50.html,https://www.lostgolfballs.com.au/media/catalog/product/2/0/2023_titleist_pro_v1_2.png,,Titleist,Sporting Goods > Outdoor Recreation > Golf > Golf Balls,Golf Balls > Titleist,Grade:AA/C Grade,AA/C Grade,
4508-532-5046,4508,2024 Titleist Pro V1 Mint/Near Mint Grade - 100 Balls,Cheap 2024 Titleist Pro V1 100 packs with Free Tees. Ripper quality Titleist Pro V1 golf balls from Lost Golf Balls.,in stock,used_like_new,299.99 AUD,,100 Balls,https://www.lostgolfballs.com.au/titleist-prov1-2024-100.html,https://www.lostgolfballs.com.au/media/catalog/product/2/0/2023_titleist_pro_v1_2_1.png,,Titleist,Sporting Goods > Outdoor Recreation > Golf > Golf Balls,Golf Balls > Titleist,Grade:2024 Titleist Pro V1 Mint/Near Mint Grade - 100 Balls,2024 Titleist Pro V1 Mint/Near Mint Grade - 100 Balls,
4508-532-4704,4508,2024 Titleist Pro V1 AAA/Standard Grade - 100 Balls,Cheap 2024 Titleist Pro V1 100 packs with Free Tees. Ripper quality Titleist Pro V1 golf balls from Lost Golf Balls.,in stock,used_good,219.99 AUD,,100 Balls,https://www.lostgolfballs.com.au/titleist-prov1-2024-100.html,https://www.lostgolfballs.com.au/media/catalog/product/2/0/2023_titleist_pro_v1_2_1.png,,Titleist,Sporting Goods > Outdoor Recreation > Golf > Golf Balls,Golf Balls > Titleist,Grade:AAA/Standard Grade,AAA/Standard Grade,
4508-532-4701,4508,2024 Titleist Pro V1 AA/C Grade - 100 Balls,Cheap 2024 Titleist Pro V1 100 packs with Free Tees. Ripper quality Titleist Pro V1 golf balls from Lost Golf Balls.,in stock,used_fair,134.99 AUD,,100 Balls,https://www.lostgolfballs.com.au/titleist-prov1-2024-100.html,https://www.lostgolfballs.com.au/media/catalog/product/2/0/2023_titleist_pro_v1_2_1.png,,Titleist,Sporting Goods > Outdoor Recreation > Golf > Golf Balls,Golf Balls > Titleist,Grade:AA/C Grade,AA/C Grade,
4520-534-4785,,2024 Titleist Pro V1x AA/C Grade - 100 Balls,2024 Titleist Pro V1x incredible quality! Supreme value Titleist Pro V1x - Free Tees At Lost Golf Balls.,in stock,used_fair,139.99 AUD,,100 Balls,https://www.lostgolfballs.com.au/titleist-prov1x-2024-100.html,https://www.lostgolfballs.com.au/media/catalog/product/2/0/2023_titleist_pro_v1x_1_1.png,,Titleist,Sporting Goods > Outdoor Recreation > Golf > Golf Balls,Golf Balls > Titleist,,AA/C Grade,
4533-535-5080,4533,12 2026 Titleist Pro V1 AAAAA/Mint Grade,2026 Titleist Pro V1 at ripper game prices. Lost Golf Balls gives free tees with all orders. 14 Day Returns.,in stock,used_like_new,54.99 AUD,,12 Balls,https://www.lostgolfballs.com.au/titleist-prov1-2026.html,https://www.lostgolfballs.com.au/media/catalog/product/2/0/2025_titleist_pro_v1.jpg,,Titleist,Sporting Goods > Outdoor Recreation > Golf > Golf Balls,Golf Balls > Titleist,Grade:AAAAA/Mint Grade,AAAAA/Mint Grade,
4533-535-5081,4533,12 2026 Titleist Pro V1 AAAA/Near Mint Grade,2026 Titleist Pro V1 at ripper game prices. Lost Golf Balls gives free tees with all orders. 14 Day Returns.,in stock,used_like_new,34.99 AUD,,12 Balls,https://www.lostgolfballs.com.au/titleist-prov1-2026.html,https://www.lostgolfballs.com.au/media/catalog/product/2/0/2025_titleist_pro_v1.jpg,,Titleist,Sporting Goods > Outdoor Recreation > Golf > Golf Balls,Golf Balls > Titleist,Grade:AAAA/Near Mint Grade,AAAA/Near Mint Grade,
4533-535-4851,4533,12 2026 Titleist Pro V1 AAA/Standard Grade,2026 Titleist Pro V1 at ripper game prices. Lost Golf Balls gives free tees with all orders. 14 Day Returns.,in stock,used_good,27.99 AUD,,12 Balls,https://www.lostgolfballs.com.au/titleist-prov1-2026.html,https://www.lostgolfballs.com.au/media/catalog/product/2/0/2025_titleist_pro_v1.jpg,,Titleist,Sporting Goods > Outdoor Recreation > Golf > Golf Balls,Golf Balls > Titleist,Grade:AAA/Standard Grade,AAA/Standard Grade,
4533-535-4850,4533,12 2026 Titleist Pro V1 AA/C Grade,2026 Titleist Pro V1 at ripper game prices. Lost Golf Balls gives free tees with all orders. 14 Day Returns.,in stock,used_fair,17.99 AUD,,12 Balls,https://www.lostgolfballs.com.au/titleist-prov1-2026.html,https://www.lostgolfballs.com.au/media/catalog/product/2/0/2025_titleist_pro_v1.jpg,,Titleist,Sporting Goods > Outdoor Recreation > Golf > Golf Balls,Golf Balls > Titleist,Grade:AA/C Grade,AA/C Grade,
4536-536-5083,4536,12 2026 Titleist Pro V1x AAAAA/Mint Grade,2026 Titleist Pro V1x supreme quality sharp prices. Lost Golf Balls gives free tees with all orders. 14 Day Returns.,in stock,used_like_new,59.99 AUD,,12 Balls,https://www.lostgolfballs.com.au/titleist-prov1x-2026.html,https://www.lostgolfballs.com.au/media/catalog/product/2/0/2025_titleist_pro_v1x.jpg,,Titleist,Sporting Goods > Outdoor Recreation > Golf > Golf Balls,Golf Balls > Titleist,Grade:AAAAA/Mint Grade,AAAAA/Mint Grade,
4536-536-5082,4536,12 2026 Titleist Pro V1x AAAA/Near Mint Grade,2026 Titleist Pro V1x supreme quality sharp prices. Lost Golf Balls gives free tees with all orders. 14 Day Returns.,in stock,used_like_new,42.99 AUD,,12 Balls,https://www.lostgolfballs.com.au/titleist-prov1x-2026.html,https://www.lostgolfballs.com.au/media/catalog/product/2/0/2025_titleist_pro_v1x.jpg,,Titleist,Sporting Goods > Outdoor Recreation > Golf > Golf Balls,Golf Balls > Titleist,Grade:AAAA/Near Mint Grade,AAAA/Near Mint Grade,
4536-536-4858,4536,12 2026 Titleist Pro V1x AAA/Standard Grade,2026 Titleist Pro V1x supreme quality sharp prices. Lost Golf Balls gives free tees with all orders. 14 Day Returns.,in stock,used_good,31.99 AUD,,12 Balls,https://www.lostgolfballs.com.au/titleist-prov1x-2026.html,https://www.lostgolfballs.com.au/media/catalog/product/2/0/2025_titleist_pro_v1x.jpg,,Titleist,Sporting Goods > Outdoor Recreation > Golf > Golf Balls,Golf Balls > Titleist,Grade:AAA/Standard Grade,AAA/Standard Grade,
4536-536-4857,4536,12 2026 Titleist Pro V1x AA/C Grade,2026 Titleist Pro V1x supreme quality sharp prices. Lost Golf Balls gives free tees with all orders. 14 Day Returns.,in stock,used_fair,17.99 AUD,,12 Balls,https://www.lostgolfballs.com.au/titleist-prov1x-2026.html,https://www.lostgolfballs.com.au/media/catalog/product/2/0/2025_titleist_pro_v1x.jpg,,Titleist,Sporting Goods > Outdoor Recreation > Golf > Golf Balls,Golf Balls > Titleist,Grade:AA/C Grade,AA/C Grade,
4545-537-4868,4545,12 Callaway Chrome Tour AAAAA/Mint Grade,Callaway Chrome Tour with Exceptional Quality and Value. Fast Shipping and Free Tees with Every Order from Lost Golf Balls.,in stock,used_like_new,44.99 AUD,,12 Balls,https://www.lostgolfballs.com.au/callaway-chrome-tour.html,https://www.lostgolfballs.com.au/media/catalog/product/c/a/callaway_chrome_tour_golf_balls.jpg,,Callaway,Sporting Goods > Outdoor Recreation > Golf > Golf Balls,Golf Balls > Callaway,Grade:AAAAA/Mint Grade,AAAAA/Mint Grade,
4545-537-4867,4545,12 Callaway Chrome Tour AAAA/Near Mint Grade,Callaway Chrome Tour with Exceptional Quality and Value. Fast Shipping and Free Tees with Every Order from Lost Golf Balls.,in stock,used_like_new,39.99 AUD,,12 Balls,https://www.lostgolfballs.com.au/callaway-chrome-tour.html,https://www.lostgolfballs.com.au/media/catalog/product/c/a/callaway_chrome_tour_golf_balls.jpg,,Callaway,Sporting Goods > Outdoor Recreation > Golf > Golf Balls,Golf Balls > Callaway,Grade:AAAA/Near Mint Grade,AAAA/Near Mint Grade,
4545-537-4866,4545,12 Callaway Chrome Tour AAA/Standard Grade,Callaway Chrome Tour with Exceptional Quality and Value. Fast Shipping and Free Tees with Every Order from Lost Golf Balls.,in stock,used_good,27.99 AUD,,12 Balls,https://www.lostgolfballs.com.au/callaway-chrome-tour.html,https://www.lostgolfballs.com.au/media/catalog/product/c/a/callaway_chrome_tour_golf_balls.jpg,,Callaway,Sporting Goods > Outdoor Recreation > Golf > Golf Balls,Golf Balls > Callaway,Grade:AAA/Standard Grade,AAA/Standard Grade,
4545-537-4865,4545,12 Callaway Chrome Tour AA/C Grade,Callaway Chrome Tour with Exceptional Quality and Value. Fast Shipping and Free Tees with Every Order from Lost Golf Balls.,in stock,used_fair,19.99 AUD,,12 Balls,https://www.lostgolfballs.com.au/callaway-chrome-tour.html,https://www.lostgolfballs.com.au/media/catalog/product/c/a/callaway_chrome_tour_golf_balls.jpg,,Callaway,Sporting Goods > Outdoor Recreation > Golf > Golf Balls,Golf Balls > Callaway,Grade:AA/C Grade,AA/C Grade,
4546-538-4876,4546,12 Callaway Chrome Tour Triple Track AAAAA/Mint Grade,Callaway Chrome Tour Triple Track with Fast Shipping and Free Tees with Every Order from Lost Golf Balls.,in stock,used_like_new,48.99 AUD,,12 Balls,https://www.lostgolfballs.com.au/callaway-chrome-tour-triple-track.html,https://www.lostgolfballs.com.au/media/catalog/product/c/a/callaway_chrome_tour_triple_track.jpg,,Callaway,Sporting Goods > Outdoor Recreation > Golf > Golf Balls,Golf Balls > Callaway,Grade:AAAAA/Mint Grade,AAAAA/Mint Grade,
4546-538-4875,4546,12 Callaway Chrome Tour Triple Track AAAA/Near Mint Grade,Callaway Chrome Tour Triple Track with Fast Shipping and Free Tees with Every Order from Lost Golf Balls.,in stock,used_like_new,39.99 AUD,,12 Balls,https://www.lostgolfballs.com.au/callaway-chrome-tour-triple-track.html,https://www.lostgolfballs.com.au/media/catalog/product/c/a/callaway_chrome_tour_triple_track.jpg,,Callaway,Sporting Goods > Outdoor Recreation > Golf > Golf Balls,Golf Balls > Callaway,Grade:AAAA/Near Mint Grade,AAAA/Near Mint Grade,
4546-538-4874,4546,12 Callaway Chrome Tour Triple Track AAA/Standard Grade,Callaway Chrome Tour Triple Track with Fast Shipping and Free Tees with Every Order from Lost Golf Balls.,in stock,used_good,29.99 AUD,,12 Balls,https://www.lostgolfballs.com.au/callaway-chrome-tour-triple-track.html,https://www.lostgolfballs.com.au/media/catalog/product/c/a/callaway_chrome_tour_triple_track.jpg,,Callaway,Sporting Goods > Outdoor Recreation > Golf > Golf Balls,Golf Balls > Callaway,Grade:AAA/Standard Grade,AAA/Standard Grade,
4546-538-4873,4546,12 Callaway Chrome Tour Triple Track AA/C Grade,Callaway Chrome Tour Triple Track with Fast Shipping and Free Tees with Every Order from Lost Golf Balls.,in stock,used_fair,19.99 AUD,,12 Balls,https://www.lostgolfballs.com.au/callaway-chrome-tour-triple-track.html,https://www.lostgolfballs.com.au/media/catalog/product/c/a/callaway_chrome_tour_triple_track.jpg,,Callaway,Sporting Goods > Outdoor Recreation > Golf > Golf Balls,Golf Balls > Callaway,Grade:AA/C Grade,AA/C Grade,
4549-541-4908,,12 Taylormade Tour Response AAA/Standard Grade (With Pen Marks),Taylormade Tour Response with free tees! Save up to $30 per dozen at Lost Golf Balls. Order by 3pm - Same Day Dispatch.,in stock,used_good,24.99 AUD,,12 Balls,https://www.lostgolfballs.com.au/taylormade-tour-response-pen.html,https://www.lostgolfballs.com.au/media/catalog/product/t/a/taylormade_tour_response_3.jpg,,TaylorMade,Sporting Goods > Outdoor Recreation > Golf > Golf Balls,Golf Balls > TaylorMade,,AAA/Standard Grade,
4562-542-4896,,12 Bridgestone Tour B XS Yellow AAAAA/Mint Grade,Bridgestone Tour B XS Yellow Golf Balls! Super quality and value from Lost Golf Balls.,in stock,used_like_new,34.99 AUD,,12 Balls,https://www.lostgolfballs.com.au/bridgestone-b-xs-yellow.html,https://www.lostgolfballs.com.au/media/catalog/product/b/r/bridgestone_tour_b_xs_yellow.png,,Bridgestone,Sporting Goods > Outdoor Recreation > Golf > Golf Balls,Golf Balls > Bridgestone,,AAAAA/Mint Grade,
4565,,12 Srixon Q Star Tour Divide Mint/Near Mint Grade,d,in stock,used_like_new,29.99 AUD,,12 Balls,https://www.lostgolfballs.com.au/12-srixon-q-star-tour-divide-mint-near-mint-grade.html,https://www.lostgolfballs.com.au/media/catalog/product/images/catalog/product/placeholder/image.jpg,,Srixon,Sporting Goods > Outdoor Recreation > Golf > Golf Balls,Golf Balls > Srixon,,,
4571-545-4979,,50 Bridgestone Tour B X Mint/Near Mint Grade,50 Bridgestone Tour B X superb condition! Free tees with every order. Save Huge On Tour B X Golf Balls!,in stock,used_like_new,109.99 AUD,,50 Balls,https://www.lostgolfballs.com.au/bridgestone-b-x-50.html,https://www.lostgolfballs.com.au/media/catalog/product/b/r/bridgestone_tour_bx_golf_balls.._3.jpg,,Bridgestone,Sporting Goods > Outdoor Recreation > Golf > Golf Balls,Golf Balls > Bridgestone,,50 Bridgestone Tour B X Mint/Near Mint Grade,
4572-546-4983,,50 Titleist Tour Speed Mint/Near Mint Grade,50 Titleist Tour Speed golf balls - supreme quality! Lost Golf Balls - Order by 3pm - Same Day Dispatch. Free Tees With Every Order. Ripper deals and quality.,in stock,used_like_new,99.99 AUD,,50 Balls,https://www.lostgolfballs.com.au/titleist-tour-speed-50.html,https://www.lostgolfballs.com.au/media/catalog/product/t/i/titleist_tour_speed_2.jpg,,Titleist,Sporting Goods > Outdoor Recreation > Golf > Golf Balls,Golf Balls > Titleist,,50 Titleist Tour Speed Mint/Near Mint Grade,
4573-547-4987,4573,50 Srixon Soft Feel Yellow Mint/Near Mint Grade,50 Srixon Soft Feel Yellow - Free Tees With Every Order. Buy Now and save $$$ with Lost Golf Balls!,in stock,used_like_new,79.99 AUD,,50 Balls,https://www.lostgolfballs.com.au/srixon-soft-feel-yellow-50.html,https://www.lostgolfballs.com.au/media/catalog/product/s/r/srixon_soft_feel_yellow_2.png,,Srixon,Sporting Goods > Outdoor Recreation > Golf > Golf Balls,Golf Balls > Srixon,Grade:50 Srixon Soft Feel Yellow Mint/Near Mint Grade,50 Srixon Soft Feel Yellow Mint/Near Mint Grade,
4573-547-4998,4573,50 Srixon Soft Feel Yellow AAA/Standard Grade,50 Srixon Soft Feel Yellow - Free Tees With Every Order. Buy Now and save $$$ with Lost Golf Balls!,in stock,used_good,69.99 AUD,,50 Balls,https://www.lostgolfballs.com.au/srixon-soft-feel-yellow-50.html,https://www.lostgolfballs.com.au/media/catalog/product/s/r/srixon_soft_feel_yellow_2.png,,Srixon,Sporting Goods > Outdoor Recreation > Golf > Golf Balls,Golf Balls > Srixon,Grade:AAA/Standard Grade,AAA/Standard Grade,
4586-548-5070,4586,50 Callaway SuperSoft Splatter AAAAA/Mint Grade,50 Callaway Supersoft Splatter / SuperSoft 360 Golf Balls. Ripper deals with free tees from Lost Golf Balls.,in stock,used_like_new,119.99 AUD,,50 Balls,https://www.lostgolfballs.com.au/callaway-supersoft-50-splatter.html,https://www.lostgolfballs.com.au/media/catalog/product/c/a/callaway_supersoft_splatter_360.jpg,,Callaway,Sporting Goods > Outdoor Recreation > Golf > Golf Balls,Golf Balls > Callaway,Grade:AAAAA/Mint Grade,AAAAA/Mint Grade,
4586-548-5071,4586,50 Callaway SuperSoft Splatter AAAA/Near Mint Grade,50 Callaway Supersoft Splatter / SuperSoft 360 Golf Balls. Ripper deals with free tees from Lost Golf Balls.,in stock,used_like_new,109.99 AUD,,50 Balls,https://www.lostgolfballs.com.au/callaway-supersoft-50-splatter.html,https://www.lostgolfballs.com.au/media/catalog/product/c/a/callaway_supersoft_splatter_360.jpg,,Callaway,Sporting Goods > Outdoor Recreation > Golf > Golf Balls,Golf Balls > Callaway,Grade:AAAA/Near Mint Grade,AAAA/Near Mint Grade,
4586-548-5038,4586,50 Callaway SuperSoft Splatter AAA/Standard Grade,50 Callaway Supersoft Splatter / SuperSoft 360 Golf Balls. Ripper deals with free tees from Lost Golf Balls.,in stock,used_good,99.99 AUD,,50 Balls,https://www.lostgolfballs.com.au/callaway-supersoft-50-splatter.html,https://www.lostgolfballs.com.au/media/catalog/product/c/a/callaway_supersoft_splatter_360.jpg,,Callaway,Sporting Goods > Outdoor Recreation > Golf > Golf Balls,Golf Balls > Callaway,Grade:AAA/Standard Grade,AAA/Standard Grade,
4586-548-5039,4586,50 Callaway SuperSoft Splatter AA/C Grade,50 Callaway Supersoft Splatter / SuperSoft 360 Golf Balls. Ripper deals with free tees from Lost Golf Balls.,in stock,used_fair,79.99 AUD,,50 Balls,https://www.lostgolfballs.com.au/callaway-supersoft-50-splatter.html,https://www.lostgolfballs.com.au/media/catalog/product/c/a/callaway_supersoft_splatter_360.jpg,,Callaway,Sporting Goods > Outdoor Recreation > Golf > Golf Balls,Golf Balls > Callaway,Grade:AA/C Grade,AA/C Grade,
4587-549-5048,,50 Taylormade SpeedSoft Ink AAAAA/Mint Grade,Best Value Taylormade SpeedSoft Ink! Free Tees with Every Order and Exceptional Quality From Lost Golf Balls.,in stock,used_like_new,119.99 AUD,,50 Balls,https://www.lostgolfballs.com.au/taylormade-speedsoft-ink-50.html,https://www.lostgolfballs.com.au/media/catalog/product/t/a/taylormade_sppedsoft_ink_golf_balls.png,,TaylorMade,Sporting Goods > Outdoor Recreation > Golf > Golf Balls,Golf Balls > TaylorMade,,AAAAA/Mint Grade,
4592-550-5023,4592,12 Taylormade TP5 Stripe Mint/Near Mint Grade,Taylormade TP5 Stripe Supreme Quality - Great Prices! All the best golf balls from Lost Golf Balls!,in stock,used_like_new,54.99 AUD,,12 Balls,https://www.lostgolfballs.com.au/taylormade-tp5-12-stripe.html,https://www.lostgolfballs.com.au/media/catalog/product/t/a/taylormade_tp5_stripe.png,,TaylorMade,Sporting Goods > Outdoor Recreation > Golf > Golf Balls,Golf Balls > TaylorMade,Grade:12 Taylormade TP5 Stripe Mint/Near Mint Grade,12 Taylormade TP5 Stripe Mint/Near Mint Grade,
4592-550-5021,4592,12 Taylormade TP5 Stripe AA/C Grade,Taylormade TP5 Stripe Supreme Quality - Great Prices! All the best golf balls from Lost Golf Balls!,in stock,used_fair,39.99 AUD,,12 Balls,https://www.lostgolfballs.com.au/taylormade-tp5-12-stripe.html,https://www.lostgolfballs.com.au/media/catalog/product/t/a/taylormade_tp5_stripe.png,,TaylorMade,Sporting Goods > Outdoor Recreation > Golf > Golf Balls,Golf Balls > TaylorMade,Grade:AA/C Grade,AA/C Grade,
4598-551-5029,4598,12 Taylormade TP5x Stripe Mint/Near Mint Grade,Taylormade TP5x Stripe - Simply The Best. Free Tees With Every Order At Lost Golf Balls. Exceptionally Fast Order Dispatch!,in stock,used_like_new,54.99 AUD,,12 Balls,https://www.lostgolfballs.com.au/taylormade-tp5x-stripe.html,https://www.lostgolfballs.com.au/media/catalog/product/t/a/taylormade_tp5x_stripe.png,,TaylorMade,Sporting Goods > Outdoor Recreation > Golf > Golf Balls,Golf Balls > TaylorMade,Grade:12 Taylormade TP5x Stripe Mint/Near Mint Grade,12 Taylormade TP5x Stripe Mint/Near Mint Grade,
4598-551-5028,4598,12 Taylormade TP5x Stripe AAA/Standard Grade,Taylormade TP5x Stripe - Simply The Best. Free Tees With Every Order At Lost Golf Balls. Exceptionally Fast Order Dispatch!,in stock,used_good,49.99 AUD,,12 Balls,https://www.lostgolfballs.com.au/taylormade-tp5x-stripe.html,https://www.lostgolfballs.com.au/media/catalog/product/t/a/taylormade_tp5x_stripe.png,,TaylorMade,Sporting Goods > Outdoor Recreation > Golf > Golf Balls,Golf Balls > TaylorMade,Grade:AAA/Standard Grade,AAA/Standard Grade,
4598-551-5027,4598,12 Taylormade TP5x Stripe AA/C Grade,Taylormade TP5x Stripe - Simply The Best. Free Tees With Every Order At Lost Golf Balls. Exceptionally Fast Order Dispatch!,in stock,used_fair,44.99 AUD,,12 Balls,https://www.lostgolfballs.com.au/taylormade-tp5x-stripe.html,https://www.lostgolfballs.com.au/media/catalog/product/t/a/taylormade_tp5x_stripe.png,,TaylorMade,Sporting Goods > Outdoor Recreation > Golf > Golf Balls,Golf Balls > TaylorMade,Grade:AA/C Grade,AA/C Grade,
4618-552-5060,,2026 Titleist Pro V1 AAA/Standard Grade - 50 Balls,2026 Titleist Pro V1 in bulk pack pricing. Free tees with every order at Lost Golf Balls!,in stock,used_good,119.99 AUD,,50 Balls,https://www.lostgolfballs.com.au/titleist-prov1-2026-50.html,https://www.lostgolfballs.com.au/media/catalog/product/2/0/2025_titleist_pro_v1_2.jpg,,Titleist,Sporting Goods > Outdoor Recreation > Golf > Golf Balls,Golf Balls > Titleist,,AAA/Standard Grade,
4620-553-5065,,2026 Titleist Pro V1x AAA/Standard Grade - 50 Balls,2026 Titleist Pro V1x in bulk packs! Order by 3pm - Same Day Dispatch. Lost Golf Balls gives free tees with all orders.,in stock,used_good,139.99 AUD,,50 Balls,https://www.lostgolfballs.com.au/titleist-prov1x-2026-50.html,https://www.lostgolfballs.com.au/media/catalog/product/2/0/2025_titleist_pro_v1x_1.jpg,,Titleist,Sporting Goods > Outdoor Recreation > Golf > Golf Balls,Golf Balls > Titleist,,AAA/Standard Grade,
4622-554-5079,4622,100 Callaway ERC Soft AAAAA/Mint Grade,100 Callaway ERC Soft Golf Balls - Huge Savings! Ripper Quality with Extreme Service from Lost Golf Balls.,in stock,used_like_new,249.99 AUD,,100 Balls,https://www.lostgolfballs.com.au/callaway-erc-soft-100.html,https://www.lostgolfballs.com.au/media/catalog/product/c/a/callaway_erc_soft_2_2.png,,Callaway,Sporting Goods > Outdoor Recreation > Golf > Golf Balls,Golf Balls > Callaway,Grade:AAAAA/Mint Grade,AAAAA/Mint Grade,
4622-554-5078,4622,100 Callaway ERC Soft AAAA/Near Mint Grade,100 Callaway ERC Soft Golf Balls - Huge Savings! Ripper Quality with Extreme Service from Lost Golf Balls.,in stock,used_like_new,209.99 AUD,,100 Balls,https://www.lostgolfballs.com.au/callaway-erc-soft-100.html,https://www.lostgolfballs.com.au/media/catalog/product/c/a/callaway_erc_soft_2_2.png,,Callaway,Sporting Goods > Outdoor Recreation > Golf > Golf Balls,Golf Balls > Callaway,Grade:AAAA/Near Mint Grade,AAAA/Near Mint Grade,
4622-554-5077,4622,100 Callaway ERC Soft AAA/Standard Grade,100 Callaway ERC Soft Golf Balls - Huge Savings! Ripper Quality with Extreme Service from Lost Golf Balls.,in stock,used_good,179.99 AUD,,100 Balls,https://www.lostgolfballs.com.au/callaway-erc-soft-100.html,https://www.lostgolfballs.com.au/media/catalog/product/c/a/callaway_erc_soft_2_2.png,,Callaway,Sporting Goods > Outdoor Recreation > Golf > Golf Balls,Golf Balls > Callaway,Grade:AAA/Standard Grade,AAA/Standard Grade,
